system:index,control,label,mean,net_change,.geo
0_0,-0.46375089975275835,0,-0.14578184458428833,0.31796905516847,"{""type"":""Polygon"",""coordinates"":[[[-132.31726979040553,68.65532680179419],[-132.31899619737308,68.65523725426048],[-132.32058514362495,68.65497574169316],[-132.3219101224054,68.65456308600305],[-132.3228656591691,68.6540321418337],[-132.32337570929852,68.65342517906865],[-132.3233997062244,68.65279051604918],[-132.32293578009234,68.65217867215355],[-132.32202089402654,68.65163834639213],[-132.32072789106914,68.6512125421409],[-132.31915969022631,68.6509351461183],[-132.3174410953748,68.65082823327998],[-132.31570886864625,68.65090031145172],[-132.31410085602246,68.65114564486647],[-132.3127450270447,68.65154471021502],[-132.31174929725702,68.65206574906954],[-132.31119294076524,68.65266729361633],[-132.31112027564853,68.65330146534713],[-132.31153712622537,68.65391778480318],[-132.31241034690123,68.6544671895491],[-132.313670449411,68.65490594060523],[-132.31521712780824,68.65519910605587],[-132.31692724337356,68.65532334391811],[-132.31726979040553,68.65532680179419]]]}"
1_1,0.6127381733835919,1,0.1948076260223977,-0.4179305473611942,"{""type"":""Polygon"",""coordinates"":[[[-131.64482992215127,68.6911787824496],[-131.64655909826604,68.69108923489958],[-131.6481505931072,68.69082772228846],[-131.64947769695928,68.6904150665407],[-131.6504347660997,68.68988412231784],[-131.65094563398938,68.68927715952016],[-131.65096966908095,68.68864249649907],[-131.6505049986212,68.68803065263339],[-131.64958864510234,68.68749032692406],[-131.64829356843842,68.6870645227309],[-131.64672285268864,68.68678712675417],[-131.6450015018303,68.68668021393523],[-131.6432664972419,68.6867522920938],[-131.64165590588715,68.68699762546696],[-131.64029790247665,68.68739669075843],[-131.6393005756101,68.68791772955825],[-131.6387433265693,68.68851927406976],[-131.6386705445911,68.6891534457957],[-131.63908806343508,68.68976976527885],[-131.63996268443603,68.69031917007534],[-131.64122480793236,68.69075792118977],[-131.64277396710105,68.69105108668823],[-131.64448682567334,68.69117532457287],[-131.64482992215127,68.6911787824496]]]}"
2_2,0.6979270151423136,2,0.7825183606811184,0.08459134553880476,"{""type"":""Polygon"",""coordinates"":[[[-132.21071959453965,68.7714360099601],[-132.21245500437652,68.7713464623734],[-132.21405223643347,68.77108494966367],[-132.215384124105,68.77067229378619],[-132.21634464282783,68.77014134944295],[-132.21685735160185,68.7695343865718],[-132.21688147260593,68.76889972354711],[-132.21641512656248,68.76828787974877],[-132.2154954696101,68.76774755415676],[-132.21419572475727,68.76732175009423],[-132.21261934761955,68.76704435422072],[-132.21089179262657,68.76693744144536],[-132.20915053470944,68.76700951957432],[-132.20753413829058,68.76725485285387],[-132.20617123994344,68.76765391801696],[-132.20517031783876,68.76817495669367],[-132.2046110595485,68.76877650112577],[-132.2045380144962,68.76941067284078],[-132.2049570376953,68.7700269923849],[-132.20583481101252,68.77057639729523],[-132.2071014840187,68.77101514854083],[-132.20865622773587,68.77130831414688],[-132.210375261185,68.77143255208192],[-132.21071959453965,68.7714360099601]]]}"
3_3,3.799601766580031,3,1.4465307708339359,-2.353070995746095,"{""type"":""Polygon"",""coordinates"":[[[-131.70689129625944,68.74699102288186],[-131.7086248022954,68.74690147530634],[-131.7102202821863,68.74663996262673],[-131.71155070886257,68.74622730678885],[-131.71251017407118,68.74569636248238],[-131.71302232063314,68.74508939963366],[-131.7130464153997,68.74445473661008],[-131.71258058108583,68.74384289279118],[-131.71166193301377,68.74330256716333],[-131.71036361384205,68.74287676306092],[-131.70878896571162,68.74259936715589],[-131.7070633054825,68.74249245436722],[-131.70532395735324,68.74256453250523],[-131.70370933382085,68.74280986581336],[-131.7023479304043,68.74320893101566],[-131.70134810629804,68.74372996972997],[-131.70078946164,68.7443315141863],[-131.70071649693193,68.74496568590465],[-131.7011350606962,68.74558200543015],[-131.7020118712853,68.74613141030572],[-131.7032771548553,68.74657016151126],[-131.7048301930316,68.74686332708447],[-131.70654734065135,68.7469875650041],[-131.70689129625944,68.74699102288186]]]}"
4_4,0.394063074731813,4,0.39569587342758594,0.0016327986957729301,"{""type"":""Polygon"",""coordinates"":[[[-132.30895565028638,68.8025145643932],[-132.31069348705685,68.80242501679224],[-132.3122929527456,68.80216350404415],[-132.31362670286896,68.80175084811616],[-132.3145885645936,68.80121990372608],[-132.31510199006547,68.80061294082634],[-132.31512614451594,68.79997827780024],[-132.31465914612787,68.79936643402812],[-132.31373820307172,68.79882610848175],[-132.312436640785,68.79840030447005],[-132.3108580595387,68.79812290863671],[-132.30912808913368,68.79801599587833],[-132.30738439665217,68.79808807399574],[-132.30576574018838,68.79833340723887],[-132.30440093612935,68.798732472352],[-132.3033986143148,68.7992535109808],[-132.30283857377617,68.79985505538201],[-132.30276542630168,68.80048922709275],[-132.30318503517995,68.8011055466606],[-132.30406403576623,68.80165495161522],[-132.30533248000197,68.8020937029119],[-132.30688939791392,68.80238686855981],[-132.30861083538676,68.80251110651446],[-132.30895565028638,68.8025145643932]]]}"
5_5,0.9932214437611537,5,1.0167163377763013,0.023494894015147594,"{""type"":""Polygon"",""coordinates"":[[[-132.2557963823363,68.811037790725],[-132.25753488596402,68.8109482431201],[-132.2591349653958,68.81068673036147],[-132.26046922727164,68.81027407441962],[-132.2614314580176,68.80974313001667],[-132.2619450804189,68.80913616710907],[-132.2619692440595,68.8085015040826],[-132.26150206642427,68.80788966031767],[-132.26058076998078,68.80734933478384],[-132.2592787083113,68.80692353078611],[-132.2576995214344,68.8066461349638],[-132.25596888733818,68.80653922221009],[-132.2542245259029,68.80661130032433],[-132.2526052484387,68.80685663355746],[-132.2512399207405,68.80725569865686],[-132.25023721432262,68.8077767372725],[-132.24967695884274,68.80837828166521],[-132.24960378322527,68.80901245337478],[-132.25002355303252,68.80962877294915],[-132.2509028908398,68.81017817791594],[-132.25217182176257,68.81061692922663],[-132.2537293370858,68.81091009488605],[-132.25545143512085,68.8110343328461],[-132.2557963823363,68.811037790725]]]}"
6_6,0.9173827135060721,6,0.44468833047502926,-0.4726943830310429,"{""type"":""Polygon"",""coordinates"":[[[-132.23250382822565,68.7678603817499],[-132.2342389593081,68.76777083416484],[-132.23583593481303,68.76750932145953],[-132.23716760856573,68.76709666558783],[-132.2381279730331,68.76656572124998],[-132.23864059948812,68.76595875838211],[-132.23866471665053,68.76532409535757],[-132.23819844553452,68.76471225155623],[-132.23727893630232,68.76417192595896],[-132.23597940019755,68.76374612189059],[-132.234403276221,68.76346872601246],[-132.23267599865915,68.76336181323516],[-132.23093502037295,68.76343389136545],[-132.22931888354,68.76367922464918],[-132.22795620408044,68.76407828981802],[-132.2269554427446,68.76459932850024],[-132.2263962743024,68.76520087293589],[-132.22632324101406,68.76583504465137],[-132.2267421969428,68.76645136419278],[-132.22761982929745,68.767000769098],[-132.2288862988625,68.76743952033775],[-132.23044079285452,68.767732685939],[-132.23215955018063,68.76785692387176],[-132.23250382822565,68.7678603817499]]]}"
7_7,-0.45230781757677996,7,-0.8834737782972277,-0.43116596072044777,"{""type"":""Polygon"",""coordinates"":[[[-131.71730727158265,68.7066113537652],[-131.71903764262913,68.70652180620816],[-131.7206302372276,68.70626029357813],[-131.72195825808217,68.70584763780548],[-131.7229159884676,68.70531669355955],[-131.72342720923373,68.70470973074778],[-131.72345126079406,68.704075067726],[-131.7229862691447,68.70346322387323],[-131.72206928239623,68.7029228981864],[-131.72077331089474,68.70249709401828],[-131.71920150992247,68.70221969806134],[-131.71747896980332,68.70211278525076],[-131.71574276652413,68.70218486340366],[-131.71413106240578,68.70243019675887],[-131.71277212069276,68.70282926202572],[-131.711774104661,68.70335030080194],[-131.71121647047073,68.70395184529822],[-131.71114363806464,68.70458601702205],[-131.71156144527635,68.7052023365169],[-131.71243667053986,68.70575174133523],[-131.7136996661243,68.70619049247479],[-131.7152498957858,68.70648365799389],[-131.71696393800988,68.70660789588818],[-131.71730727158265,68.7066113537652]]]}"
8_8,0.7629477965522964,8,0.900196244636804,0.13724844808450765,"{""type"":""Polygon"",""coordinates"":[[[-131.7059294281001,68.8081370739244],[-131.70766770471397,68.80804752632085],[-131.7092675752132,68.80778601356579],[-131.7106016628765,68.80737335762866],[-131.71156376799897,68.8068424132301],[-131.7120773233609,68.80623545032518],[-131.71210148387294,68.80560078729881],[-131.71163436725766,68.80498894353144],[-131.7107131911155,68.80444861799336],[-131.70941129944762,68.80402281399085],[-131.70783231874157,68.80374541816481],[-131.7061019105814,68.80363850540951],[-131.70435777687365,68.80371058352483],[-131.70273871081255,68.80395591676135],[-131.7013735613734,68.80435498186543],[-131.70037098588352,68.80487602048557],[-131.6998108035747,68.80547756488114],[-131.69973763753777,68.80611173659112],[-131.700157352561,68.80672805616327],[-131.70103657557036,68.80727746112592],[-131.70230534081347,68.80771621243184],[-131.70386265276386,68.80800937808733],[-131.70558452592803,68.80813361604555],[-131.7059294281001,68.8081370739244]]]}"
9_9,-1.038683428098537,9,-1.1205480431188202,-0.08186461502028308,"{""type"":""Polygon"",""coordinates"":[[[-132.0514835086145,68.78772605546826],[-132.0532201896362,68.78763650787408],[-132.05481859162992,68.78737499514426],[-132.0561514548208,68.7869623392403],[-132.0571126769843,68.78643139487255],[-132.05762576115205,68.78582443198643],[-132.05764989967483,68.78518976896098],[-132.0571832119449,68.7845779251764],[-132.05626288135412,68.78403759960827],[-132.05496218456153,68.78361179557237],[-132.05338465295068,68.7833343997199],[-132.05165583280746,68.78322748695345],[-132.0499132997084,68.78329956507636],[-132.04829571951794,68.78354489833681],[-132.04693182299258,68.78394396347375],[-132.04593016774461,68.78446500212537],[-132.04537049972657,68.78506654654127],[-132.04529740102743,68.78570071825405],[-132.04571673099503,68.7863170378106],[-132.04659514713413,68.78686644274414],[-132.04786274787904,68.78730519401648],[-132.04941863040094,68.78759835964446],[-132.0511389230351,68.78772259758978],[-132.0514835086145,68.78772605546826]]]}"
10_10,-1.7486270936883053,10,-1.8000499774730014,-0.05142288378469617,"{""type"":""Polygon"",""coordinates"":[[[-131.74777102424636,68.6666242140646],[-131.74949830277671,68.66653466652575],[-131.75108805117287,68.66627315394464],[-131.7524136987995,68.6658604982364],[-131.75336971786433,68.6653295540502],[-131.75388002537613,68.66472259127488],[-131.75390403431442,68.6640879282549],[-131.75343987391233,68.6634760843687],[-131.7525245259796,68.66293575862368],[-131.7512308703427,68.66250995439071],[-131.74966187795664,68.66223255838256],[-131.74794241567795,68.66212564555035],[-131.74620931464423,68.66219772371794],[-131.7446004903892,68.6624430571196],[-131.74324397702927,68.66284212245017],[-131.74224774457616,68.66336316128748],[-131.74169110716312,68.66396470582316],[-131.74161840526546,68.66459887755244],[-131.74203546617315,68.66521519701703],[-131.74290912758812,68.66576460177886],[-131.74416986618428,68.66620335285333],[-131.74571732538078,68.66649651831904],[-131.74742830428147,68.66662075618831],[-131.74777102424636,68.6666242140646]]]}"
11_11,-0.4550390859242949,11,-0.8118569294281459,-0.35681784350385104,"{""type"":""Polygon"",""coordinates"":[[[-132.26376698831206,68.72438414863595],[-132.26549873769542,68.72429460107078],[-132.26709260084843,68.72403308841895],[-132.26842167945236,68.72362043261764],[-132.2693801725744,68.7230894883451],[-132.26989180037828,68.72248252551707],[-132.26991587093494,68.72184786249449],[-132.2694505087978,68.7212360186566],[-132.26853279162785,68.72069569299572],[-132.26723578794395,68.72026988885648],[-132.26566273518318,68.71999249292239],[-132.26393882326877,68.71988558012143],[-132.26220123731707,68.71995765826779],[-132.26058824964198,68.72020299160228],[-132.25922822561043,68.72060205684075],[-132.25822941463633,68.72112309558975],[-132.25767133618146,68.72172464006849],[-132.25759844560733,68.72235881178989],[-132.2580165854469,68.72297513129823],[-132.25889250771854,68.72352453614171],[-132.26015650924427,68.7239632873103],[-132.26170797370406,68.72425645285317],[-132.26342338125374,68.72438069075862],[-132.26376698831206,68.72438414863595]]]}"
12_12,-1.1635096230766666,12,-1.2165337608359765,-0.05302413775930992,"{""type"":""Polygon"",""coordinates"":[[[-131.9960523640599,68.80225605576756],[-131.9977901806132,68.8021665081667],[-131.9993896276951,68.80190499541892],[-132.00072336230366,68.80149233949138],[-132.0016852128407,68.80096139510168],[-132.00219863234224,68.80035443220218],[-132.0022227865141,68.7997197691761],[-132.00175579356028,68.79910792540376],[-132.00083486121778,68.79856759985701],[-131.99953331407085,68.79814179584488],[-131.9979547511855,68.7978644000112],[-131.9962248009016,68.7977574872527],[-131.99448112870073,68.79782956537021],[-131.99286249106385,68.79807489861363],[-131.99149770288,68.79847396372718],[-131.99049539272545,68.79899500235639],[-131.9899353587032,68.79959654675784],[-131.98986221208193,68.80023071846861],[-131.9902818160813,68.80084703803627],[-131.99116080644404,68.80139644299052],[-131.9924292359249,68.80183519428675],[-131.99398613572512,68.80212835993433],[-131.99570755317166,68.80225259788882],[-131.9960523640599,68.80225605576756]]]}"
13_13,62.24865189443041,13,45.01645413185847,-17.232197762571943,"{""type"":""Polygon"",""coordinates"":[[[-132.08340231458453,68.7327769890316],[-132.085134715681,68.7326874414626],[-132.0867291786392,68.73242592880045],[-132.0880587573741,68.73201327298558],[-132.08901761113754,68.73148232870044],[-132.08952943139923,68.73087536586473],[-132.08955351093775,68.7302407028418],[-132.0890879736244,68.72962885901096],[-132.08816991109242,68.72908853336233],[-132.0868724193663,68.72866272923675],[-132.08529877472785,68.72838533331343],[-132.0835742141936,68.72827842051704],[-132.08183597447893,68.72835049866029],[-132.08022237990542,68.72859583198502],[-132.0788618441259,68.72899489721007],[-132.07786265728265,68.72951593594618],[-132.077304368768,68.73011748041661],[-132.07723145069048,68.73075165213687],[-132.07764974780494,68.7313679716516],[-132.07852599963985,68.73191737650698],[-132.0797904768004,68.73235612768927],[-132.08134252510453,68.73264929324341],[-132.08305857821526,68.73277353115412],[-132.08340231458453,68.7327769890316]]]}"
14_14,-1.57148718017414,14,-1.5736640538157916,-0.0021768736416516443,"{""type"":""Polygon"",""coordinates"":[[[-131.83449679352577,68.74899268189556],[-131.8362304552841,68.74890313431915],[-131.83782607849434,68.74864162163706],[-131.83915662467354,68.74822896579595],[-131.8401161760549,68.74769802148647],[-131.8406283686033,68.74709105863592],[-131.84065246551597,68.74645639561223],[-131.84018658934494,68.74584455179502],[-131.839267858751,68.74530422617012],[-131.8379694229649,68.74487842207095],[-131.8363946334094,68.74460102616851],[-131.83466881819703,68.74449411338092],[-131.83292931385566,68.74456619151819],[-131.83131454530908,68.74481152482397],[-131.82995301961387,68.74521059002308],[-131.82895310569626,68.7457316287343],[-131.82839441084585,68.74633317318866],[-131.828321439566,68.74696734490674],[-131.82874004091,68.74758366443376],[-131.82961693024598,68.74813306931217],[-131.83088232746564,68.748571820521],[-131.83243550514754,68.74886498609688],[-131.8341528070197,68.74898922401779],[-131.83449679352577,68.74899268189556]]]}"
15_15,-1.6963924435699511,15,-1.696224313248658,1.681303212930363E-4,"{""type"":""Polygon"",""coordinates"":[[[-131.75123665406895,68.83481289226165],[-131.75297702077216,68.83472334464581],[-131.75457881488802,68.83446183185771],[-131.75591450650535,68.83404917587711],[-131.75687776822815,68.8335182314382],[-131.75739194081362,68.83291126850868],[-131.7574161301292,68.83227660548111],[-131.7569484517105,68.83166476173632],[-131.75602616796834,68.83112443623752],[-131.75472271111636,68.83069863227881],[-131.75314183222014,68.83042123648734],[-131.75140934389435,68.83031432374663],[-131.74966311352685,68.83038640185205],[-131.748042101103,68.8306317350572],[-131.7466753104543,68.83103080011826],[-131.74567152952622,68.83155183869714],[-131.7451106735402,68.83215338306611],[-131.74503741929604,68.83278755477242],[-131.74545763870879,68.833403874365],[-131.74633791864875,68.8339532793658],[-131.74760820928464,68.83439203071566],[-131.7491673936641,68.83468519640722],[-131.7508913371875,68.83480943438232],[-131.75123665406895,68.83481289226165]]]}"
16_16,1.3832432032440742,16,2.1314124328882125,0.7481692296441382,"{""type"":""Polygon"",""coordinates"":[[[-131.5886297895208,68.83276899587739],[-131.59036999589063,68.8326794482625],[-131.5919716424434,68.83241793547694],[-131.5933072110194,68.83200527949967],[-131.59427038401793,68.83147433506386],[-131.59478450925545,68.83086737213623],[-131.5948086963615,68.83023270910874],[-131.59434106103944,68.8296208653622],[-131.5934188622627,68.82908053986039],[-131.59211552547794,68.82865473589833],[-131.5905347921943,68.8283773401042],[-131.58880246344057,68.82827042736238],[-131.5870563939105,68.82834250546856],[-131.58543553079454,68.82858783867611],[-131.58406886604507,68.82898690374047],[-131.5830651775877,68.82950794232251],[-131.58250437328033,68.83010948669353],[-131.58243112580266,68.83074365840012],[-131.58285130652308,68.83135997799114],[-131.58373150538458,68.83190938298901],[-131.58500167900564,68.8323481343355],[-131.58656071974872,68.83264130002429],[-131.58828450445225,68.83276553799811],[-131.5886297895208,68.83276899587739]]]}"
17_17,3.5843528835736715,17,3.68052023052528,0.09616734695160867,"{""type"":""Polygon"",""coordinates"":[[[-132.1779345631514,68.83999322127825],[-132.17967533636775,68.83990367366],[-132.1812775046184,68.8396421608655],[-132.18261350819762,68.83922950487644],[-132.183576994874,68.8386985604297],[-132.18409128750662,68.83809159749538],[-132.1841154824243,68.83745693446758],[-132.1836476947373,68.83684509072717],[-132.1827251955719,68.83630476523601],[-132.1814214342986,68.83587896128581],[-132.17984018621297,68.83560156550107],[-132.17810729330432,68.83549465276322],[-132.176360655146,68.83556673086669],[-132.17473926416335,68.83581206406573],[-132.17337215430675,68.83621112911842],[-132.17236813892632,68.83673216768929],[-132.17180715191304,68.8373337120531],[-132.1717338805129,68.8379678837587],[-132.17215419802713,68.83858420335524],[-132.1730346835353,68.83913360836345],[-132.17430527085327,68.83957235972187],[-132.1758648194118,68.83986552542044],[-132.17758916561087,68.83998976339882],[-132.1779345631514,68.83999322127825]]]}"
18_18,-1.257377011854266,18,-1.3740024470462155,-0.11662543519194957,"{""type"":""Polygon"",""coordinates"":[[[-131.92485444049953,68.79058097253782],[-131.92659134450938,68.79049142494233],[-131.92818995173064,68.79022991220899],[-131.9295229860447,68.78981725630041],[-131.93048433160408,68.78928631192832],[-131.93099748162246,68.78867934903958],[-131.93102162321833,68.78804468601402],[-131.93055487555054,68.78743284223181],[-131.92963442679175,68.7868925166679],[-131.92833356301222,68.78646671263667],[-131.92675582888646,68.7861893167879],[-131.92502678681367,68.78608240402299],[-131.92328403002537,68.78615448214484],[-131.92166624218058,68.78639981540196],[-131.9203021705572,68.7867988805343],[-131.91930038670301,68.78731991918151],[-131.9187406468115,68.78792146359459],[-131.91866753870175,68.78855563530698],[-131.91908692248188,68.7891719548657],[-131.91996545138323,68.7897213598033],[-131.92123321486983,68.79016011108034],[-131.92278929715812,68.79045327671217],[-131.9245098106755,68.79057751465928],[-131.92485444049953,68.79058097253782]]]}"
19_19,2.7536091895604327,19,3.1460747346520797,0.392465545091647,"{""type"":""Polygon"",""coordinates"":[[[-132.23019030906215,68.81885780066],[-132.23192942501169,68.8187682530515],[-132.23353006799465,68.81850674028318],[-132.234864799772,68.8180940843286],[-132.23582736936072,68.81756313991383],[-132.23634117258663,68.81695617699903],[-132.23636534466564,68.8163215139722],[-132.23589800244204,68.81570967021389],[-132.23497638151116,68.81516934469157],[-132.23367386129843,68.81474354070666],[-132.23209411831928,68.8144661448945],[-132.2303628748085,68.81435923214507],[-132.22861789912645,68.8144313102564],[-132.22699805144714,68.81467664348033],[-132.2256322429329,68.81507570856712],[-132.22462918336453,68.81559674717069],[-132.22406873052125,68.8161982915556],[-132.2239955290622,68.81683246326409],[-132.2244154466377,68.81744878284445],[-132.22529509408804,68.81799818782243],[-132.22656447189667,68.81843693914598],[-132.22812253577496,68.81873010481597],[-132.2298452403516,68.81885434278097],[-132.23019030906215,68.81885780066]]]}"
20_20,0.428232896536537,20,0.24297344243310542,-0.1852594541034316,"{""type"":""Polygon"",""coordinates"":[[[-132.2555465365131,68.80611322550868],[-132.25728465477573,68.80602367790607],[-132.25888437953617,68.80576216515351],[-132.26021834567925,68.80534950921968],[-132.26118036317428,68.80481856482417],[-132.26169387177353,68.80421160192112],[-132.2617180301033,68.80357693889486],[-132.26125095605187,68.80296509512576],[-132.26032986382472,68.80242476958468],[-132.25902809073978,68.80199896557889],[-132.25744925384615,68.80172156975023],[-132.2557190032854,68.8016146569938],[-132.25397502842674,68.8016867351099],[-132.2523561098278,68.80193206834879],[-132.25099108473145,68.80233113345611],[-132.24998860056908,68.80285217207937],[-132.2494284693,68.80345371647698],[-132.24935530994586,68.80408788818723],[-132.24977498675506,68.80470420775782],[-132.25065412968826,68.8052536127176],[-132.25192277936316,68.80569236402017],[-132.2534799494529,68.80598552967295],[-132.25520166576064,68.80610976762988],[-132.2555465365131,68.80611322550868]]]}"
21_21,0.6261768287986698,21,0.3951755322790751,-0.23100129651959467,"{""type"":""Polygon"",""coordinates"":[[[-131.6031272260679,68.67995431190441],[-131.60485553419574,68.67986476435951],[-131.60644623018368,68.6796032517621],[-131.60777266793383,68.67919059603241],[-131.60872925675218,68.67865965182634],[-131.60923986831568,68.67805268903888],[-131.60926389144433,68.6774180260183],[-131.60879945429355,68.67680618214324],[-131.60788356074664,68.67626585641757],[-131.60658913408426,68.67584005220621],[-131.60501920662983,68.6755626562151],[-131.60329871963938,68.6754557433901],[-131.6015645857687,68.67552782155279],[-131.59995480271488,68.67577315493898],[-131.59859748087842,68.67617222024835],[-131.59760065461495,68.67669325906532],[-131.59704368534295,68.67729480358788],[-131.59697093999497,68.67792897531534],[-131.5973882493713,68.67854529479],[-131.59826243144158,68.67909469957064],[-131.5995239214614,68.6795334506668],[-131.60107230303433,68.67982661615028],[-131.6027843018133,68.67995085402788],[-131.6031272260679,68.67995431190441]]]}"
22_22,-0.2606755548085202,22,-0.25984401079920105,8.315440093191739E-4,"{""type"":""Polygon"",""coordinates"":[[[-131.66837020793326,68.793898847178],[-131.67010737116877,68.793809299581],[-131.6717062169687,68.79354778684356],[-131.673039450215,68.79313513092958],[-131.67400093922302,68.7926041865525],[-131.6745141657933,68.7919972236607],[-131.67453831096168,68.79136256063498],[-131.67407149361566,68.79075071685558],[-131.67315090748554,68.79021039129655],[-131.67184984958226,68.78978458727074],[-131.67027188003127,68.78950719142625],[-131.6685425799635,68.78940027866318],[-131.66679956313453,68.78947235678379],[-131.6651815338898,68.78971769003702],[-131.66381725871355,68.79011675516402],[-131.66281532535356,68.79063779380611],[-131.6622555019085,68.79123933821589],[-131.66218238285884,68.79187350992783],[-131.66260182919652,68.79248982948909],[-131.6634804891849,68.7930392344314],[-131.6647484418601,68.79347798571389],[-131.66630475637848,68.7937711513502],[-131.66802552667446,68.79389538929941],[-131.66837020793326,68.793898847178]]]}"
