system:index,area_m2,control,count,label,mean,net_change,.geo
00000000000000000000_00000000000000000000,15967.0,2.0596785520620084,2,-110359184672273,0.4765970002046684,-1.58308155185734,"{""type"":""Polygon"",""coordinates"":[[[-131.54348548359795,68.84716468017938],[-131.54126500041286,68.84711564491488],[-131.54099283207077,68.84872094633441],[-131.54321802157193,68.84876998106338],[-131.54348548359795,68.84716468017938]]]}"
00000000000000000001_00000000000000000001,15967.0,2.142744882936642,2,-110363479639562,2.5703509679243908,0.42760608498774877,"{""type"":""Polygon"",""coordinates"":[[[-131.561393290601,68.8467499934398],[-131.55694761046016,68.84665192935414],[-131.55681388752933,68.84745454971161],[-131.56125952709965,68.84755267237267],[-131.561393290601,68.8467499934398]]]}"
00000000000000000002_00000000000000000002,15967.0,2.4298417059080615,2,-110423609181360,2.655040407956998,0.22519870204893655,"{""type"":""MultiPolygon"",""coordinates"":[[[[-132.3299148902106,68.85028610967882],[-132.3321399928255,68.85032623698777],[-132.33224255805968,68.84952353896215],[-132.3300175269373,68.84948341317437],[-132.3299148902106,68.85028610967882]]],[[[-132.3299148902106,68.85028610967882],[-132.32768984811358,68.8502503813366],[-132.32758731416115,68.85105302180494],[-132.3298122589553,68.85108868929754],[-132.3299148902106,68.85028610967882]]]]}"
00000000000000000004_00000000000000000004,15963.0,2.5550076920510203,2,-110561048135170,3.348366693434466,0.7933590013834455,"{""type"":""MultiPolygon"",""coordinates"":[[[[-131.58291727684104,68.8109746052866],[-131.58278354854474,68.81177728752245],[-131.58499972569115,68.81182628498478],[-131.5851335496521,68.8110236640336],[-131.58291727684104,68.8109746052866]]],[[[-131.58291727684104,68.8109746052866],[-131.58304660531573,68.81017199323344],[-131.5808304999983,68.81012739882674],[-131.5806967099601,68.81093007801307],[-131.58291727684104,68.8109746052866]]]]}"
00000000000000000005_00000000000000000005,15963.0,1.5338201842557275,2,-110586817938943,2.2759128503743757,0.7420926661186482,"{""type"":""Polygon"",""coordinates"":[[[-131.59049341582283,68.80550330575844],[-131.58827709811158,68.80545425965667],[-131.58801408658886,68.80705954018566],[-131.59023019685546,68.8071085815729],[-131.59049341582283,68.80550330575844]]]}"
00000000000000000006_00000000000000000006,15963.0,1.1519268458851535,2,-110655537415357,1.128294550118295,-0.023632295766858435,"{""type"":""Polygon"",""coordinates"":[[[-132.30665627249306,68.80643976516804],[-132.30443547691874,68.80639958406024],[-132.3042261573181,68.8080048813344],[-132.30644657716005,68.80804499636321],[-132.30665627249306,68.80643976516804]]]}"
00000000000000000007_00000000000000000007,15957.0,0.7979039143159814,2,-110917530420703,0.2440184168768248,-0.5538854974391566,"{""type"":""Polygon"",""coordinates"":[[[-131.6735976550808,68.74528317352868],[-131.66917415293335,68.74518954778335],[-131.66904937297141,68.74599216650464],[-131.67346847065906,68.74608580470743],[-131.6735976550808,68.74528317352868]]]}"
00000000000000000008_00000000000000000008,15956.0,0.030077042386892256,2,-110943300224491,0.23219002935405653,0.20211298696716426,"{""type"":""Polygon"",""coordinates"":[[[-131.64784184516787,68.73990549627763],[-131.6434228709116,68.73981183748843],[-131.64329361605178,68.7406145152314],[-131.64771256502013,68.74070811466039],[-131.64784184516787,68.73990549627763]]]}"
00000000000000000009_00000000000000000009,15955.0,-0.14064198103828662,2,-111012019701223,0.18574566818163818,0.3263876492199248,"{""type"":""MultiPolygon"",""coordinates"":[[[[-131.6565416139046,68.72721039220657],[-131.6587488358183,68.72725942802225],[-131.65887802941324,68.72645682947896],[-131.6566708778561,68.72640779557798],[-131.6565416139046,68.72721039220657]]],[[[-131.6565416139046,68.72721039220657],[-131.65432995960404,68.72716582633456],[-131.65420043414483,68.72796847690242],[-131.65641215897944,68.72801304468996],[-131.6565416139046,68.72721039220657]]]]}"
0000000000000000000a_0000000000000000000a,15954.0,0.5729697783325699,2,-111029199570401,1.3365992425541053,0.7636294642215354,"{""type"":""Polygon"",""coordinates"":[[[-131.6725185712111,68.7243298452932],[-131.66809947935184,68.72423619405971],[-131.66797024618853,68.72503878845757],[-131.6723892970042,68.72513249826889],[-131.6725185712111,68.7243298452932]]]}"
0000000000000000000b_0000000000000000000b,15953.0,-0.018052066216033093,2,-111076444210682,0.42218273983338467,0.4402348060494178,"{""type"":""Polygon"",""coordinates"":[[[-131.61652564433075,68.71428351621793],[-131.6143184193558,68.7142344226542],[-131.61405973994007,68.71583968630462],[-131.6162669395291,68.7158887204816],[-131.61652564433075,68.71428351621793]]]}"
0000000000000000000c_0000000000000000000c,15952.0,0.08967349037854448,2,-111136573752821,1.2101399835076008,1.1204664931290562,"{""type"":""MultiPolygon"",""coordinates"":[[[[-131.6293856598738,68.70329182506423],[-131.63159289486276,68.70333644448257],[-131.6317221323269,68.70253377065627],[-131.62951496764964,68.70248915314754],[-131.6293856598738,68.70329182506423]]],[[[-131.6293856598738,68.70329182506423],[-131.62717851027335,68.70324273670288],[-131.6270491232156,68.70404540783883],[-131.62925625035828,68.7040900012389],[-131.6293856598738,68.70329182506423]]]]}"
0000000000000000000e_0000000000000000000e,15951.0,0.45233871531062914,2,-111183818393066,0.24816493943754733,-0.2041737758730818,"{""type"":""Polygon"",""coordinates"":[[[-131.65728171642735,68.69502907593771],[-131.65287184961832,68.69493543665433],[-131.652742290989,68.69573809091798],[-131.65715247993867,68.69583167930818],[-131.65728171642735,68.69502907593771]]]}"
0000000000000000000f_0000000000000000000f,15951.0,0.48203749139220303,2,-111213883164135,1.7788708807665132,1.2968333893743103,"{""type"":""Polygon"",""coordinates"":[[[-131.66259708765205,68.6895087221953],[-131.66038979973246,68.68946415333785],[-131.660131121961,68.69106496180639],[-131.6623384827458,68.69111396805975],[-131.66259708765205,68.6895087221953]]]}"
00000000000000000010_00000000000000000010,15949.0,1.2624193524986227,2,-111295487542749,2.3843021038843357,1.121882751385713,"{""type"":""Polygon"",""coordinates"":[[[-131.68707305808968,68.67473576568793],[-131.6848702532813,68.67468663775655],[-131.68461602997695,68.6762919413214],[-131.68681880895267,68.67634100989592],[-131.68707305808968,68.67473576568793]]]}"
00000000000000000011_00000000000000000011,15949.0,1.0685940767727597,2,-111312667411935,1.228598728040609,0.16000465126784924,"{""type"":""Polygon"",""coordinates"":[[[-131.68317582124013,68.67143149497576],[-131.68097306021133,68.67138691028009],[-131.6807189746742,68.6729922054609],[-131.6829215284114,68.67303678553729],[-131.68317582124013,68.67143149497576]]]}"
00000000000000000015_00000000000000000015,15945.0,-1.6677733488695694,2,-111514530874815,-1.8759868967611804,-0.20821354789161095,"{""type"":""Polygon"",""coordinates"":[[[-131.7595513689447,68.63520576343045],[-131.7573528946298,68.63516118242241],[-131.7571032339011,68.63676652554079],[-131.75930168199318,68.63681104720843],[-131.7595513689447,68.63520576343045]]]}"
0000000000000000000d_0000000000000000000d,23928.0,0.20069124506937788,3,-111149458654704,1.0829672919107027,0.8822760468413249,"{""type"":""MultiPolygon"",""coordinates"":[[[[-131.64080538707634,68.70112022472017],[-131.6430126213049,68.70116484319405],[-131.64327130335874,68.699563943464],[-131.64106863574867,68.6995149421988],[-131.64080538707634,68.70112022472017]]],[[[-131.64080538707634,68.70112022472017],[-131.63860259172804,68.70107118441933],[-131.63847341712793,68.70187379851966],[-131.64067610079445,68.70192289543866],[-131.64080538707634,68.70112022472017]]]]}"
00000000000000000014_00000000000000000014,23919.0,-1.4398459196753808,3,-111467286234566,-2.1960382416959274,-0.7561923220205466,"{""type"":""MultiPolygon"",""coordinates"":[[[[-131.7427760517072,68.64370932046342],[-131.74497890634646,68.64375392412379],[-131.74510376904112,68.64295567558666],[-131.74290538269904,68.64290668447312],[-131.7427760517072,68.64370932046342]]],[[[-131.74265123923138,68.6445119466346],[-131.74252641809656,68.64531457398054],[-131.7447292468219,68.6453591182848],[-131.7448541638667,68.64455655214358],[-131.74265123923138,68.6445119466346]]],[[[-131.7427760517072,68.64370932046342],[-131.74057773597275,68.64366467066233],[-131.74045301954035,68.64446735804606],[-131.74265123923138,68.6445119466346],[-131.7427760517072,68.64370932046342]]]]}"
00000000000000000003_00000000000000000003,31931.0,0.8106006075049844,4,-110440789050875,0.08426683561990078,-0.7263337718850836,"{""type"":""Polygon"",""coordinates"":[[[-131.59487677350646,68.83297583333886],[-131.59265607775646,68.83292675633007],[-131.59212991695972,68.83613738050936],[-131.59435038085388,68.83618639345345],[-131.59487677350646,68.83297583333886]]]}"
00000000000000000012_00000000000000000012,31898.0,1.4170731216926828,4,-111316962379228,1.9344480432051387,0.5173749215124559,"{""type"":""MultiPolygon"",""coordinates"":[[[[-131.6921163453114,68.67081620451216],[-131.69652644737232,68.67090982380644],[-131.6966511496214,68.67010715166255],[-131.69224571975178,68.67001352671667],[-131.6921163453114,68.67081620451216]]],[[[-131.6921163453114,68.67081620451216],[-131.68771080800116,68.6707225529034],[-131.68758146597796,68.67152517324843],[-131.6919913281563,68.67161881100239],[-131.6921163453114,68.67081620451216]]]]}"
00000000000000000013_00000000000000000013,31897.0,1.3710366732317607,4,-111342732182999,2.317435505340919,0.9463988321091583,"{""type"":""Polygon"",""coordinates"":[[[-131.70169442642543,68.66618757740345],[-131.6994917446839,68.66614304328685],[-131.69898324878807,68.6693535992752],[-131.70118602932706,68.66939819569251],[-131.70169442642543,68.66618757740345]]]}"
00000000000000000016_00000000000000000016,103642.0,-1.5312231549297157,13,-111531710744003,-2.9936112218004953,-1.4623880668707796,"{""type"":""MultiPolygon"",""coordinates"":[[[[-131.75760268661517,68.63355590705986],[-131.75320151118493,68.63346677637138],[-131.75295167159223,68.63506755640931],[-131.7551545977342,68.6351166293586],[-131.7552794849409,68.63431396141678],[-131.75747787788723,68.63435857566958],[-131.75760268661517,68.63355590705986]]],[[[-131.75760268661517,68.63355590705986],[-131.75980102128494,68.63360048437112],[-131.7599259174126,68.63279787812888],[-131.7621243104487,68.63284691458078],[-131.7622491281354,68.63204430766352],[-131.75565407940425,68.63190608256075],[-131.75552905230705,68.63270868392199],[-131.7577274866922,68.63275323963079],[-131.75760268661517,68.63355590705986]]],[[[-131.75565407940425,68.63190608256075],[-131.75589925098376,68.63030076871874],[-131.75150265467545,68.63021161780694],[-131.75125285969764,68.63181688081606],[-131.74905469562907,68.63177228464261],[-131.74892967636086,68.63257051043782],[-131.75332645104058,68.63266411264269],[-131.75345120116037,68.63186150494005],[-131.75565407940425,68.63190608256075]]]]}"
