site_no,station_nm,month,year,decade,Latitude,Longitude,sample_dt,num_pix,B1,B2,B3,B4,B6,cluster,SSC_mgL,ten_day,reference,fractional_day,fractional_2month
st_s002,st_s002,8,1985,1990,68.6937602052197,-131.64161998437,1985-08-25,12,399,428,421,678,280,3,38.658993267617,230,"Affected, Pre-slump",1985.64931506849,1985.66666666667
st_s002,st_s002,6,1986,1990,68.6937602052197,-131.64161998437,1986-06-09,6,386,497,610,572,286,3,162.136320648274,160,"Affected, Pre-slump",1986.43835616438,1986.5
st_s002,st_s002,6,1987,1990,68.6937602052197,-131.64161998437,1987-06-28,2,727,746,678,1006,286,3,32.1239114011621,170,"Affected, Pre-slump",1987.4904109589,1987.5
st_s002,st_s002,5,1988,1990,68.6937602052197,-131.64161998437,1988-05-29,6,323,414,501,448,289,3,103.291249721452,150,"Affected, Pre-slump",1988.41095890411,1988.33333333333
st_s002,st_s002,7,1989,1990,68.6937602052197,-131.64161998437,1989-07-19,2,485,573,465,1144,297,3,27.8540700446634,200,"Affected, Pre-slump",1989.54794520548,1989.5
st_s002,st_s002,6,1990,1990,68.6937602052197,-131.64161998437,1990-06-20,2,388,455,448,380,300,3,23.9884612866671,170,"Affected, Pre-slump",1990.46849315069,1990.5
st_s002,st_s002,6,1993,1990,68.6937602052197,-131.64161998437,1993-06-12,1,313,371,398,385,291,3,78.4642771454891,160,"Affected, Pre-slump",1993.44657534247,1993.5
st_s002,st_s002,8,1994,1990,68.6937602052197,-131.64161998437,1994-08-02,4,492,586,490,1096,298,3,23.1065632001826,210,"Affected, Pre-slump",1994.58630136986,1994.66666666667
st_s002,st_s002,6,1997,1995,68.6937602052197,-131.64161998437,1997-06-07,7,376,430,521,478,291,3,115.362574457766,150,"Affected, Pre-slump",1997.43287671233,1997.5
st_s002,st_s002,5,1998,1995,68.6937602052197,-131.64161998437,1998-05-25,1,262,290,293,262,289,3,25.1274154545624,140,"Affected, Post-slump",1998.39726027397,1998.33333333333
st_s002,st_s002,6,1998,1995,68.6937602052197,-131.64161998437,1998-06-26,1,115,226,161,563,297,3,82.7783663908334,170,"Affected, Post-slump",1998.48493150685,1998.5
st_s002,st_s002,7,1998,1995,68.6937602052197,-131.64161998437,1998-07-28,3,299,384,411,714,297,3,93.5499852057439,200,"Affected, Post-slump",1998.57260273973,1998.5
st_s002,st_s002,5,1999,1995,68.6937602052197,-131.64161998437,1999-05-28,1,305,306,342,306,290,3,75.5955624167572,140,"Affected, Post-slump",1999.40547945205,1999.33333333333
st_s002,st_s002,6,2004,2000,68.6937602052197,-131.64161998437,2004-06-10,11,309,417,511,424,287,3,108.079432365964,160,"Affected, Post-slump",2004.44383561644,2004.5
st_s002,st_s002,7,2004,2000,68.6937602052197,-131.64161998437,2004-07-28,38,418,463,290,936,293,3,6.35439991493566,210,"Affected, Post-slump",2004.57534246575,2004.5
st_s002,st_s002,8,2004,2000,68.6937602052197,-131.64161998437,2004-08-29,1,363,446,573,569,290,3,256.952679573153,240,"Affected, Post-slump",2004.66301369863,2004.66666666667
st_s002,st_s002,5,2006,2005,68.6937602052197,-131.64161998437,2006-05-31,5,342,378,479,428,289,3,211.978220848254,150,"Affected, Post-slump",2006.41369863014,2006.33333333333
st_s002,st_s002,6,2009,2005,68.6937602052197,-131.64161998437,2009-06-08,5,291,349,438,380,290,3,126.745379609084,150,"Affected, Post-slump",2009.43561643836,2009.5
st_s002,st_s002,5,2011,2010,68.6937602052197,-131.64161998437,2011-05-29,1,369,475,559,482,294,3,99.5953757444014,140,"Affected, Post-slump",2011.40821917808,2011.33333333333
st_s002,st_s002,6,1984,1990,68.6937602052197,-131.64161998437,1984-06-10,3,293,420,464,454,293,3,68.1484532045862,160,"Affected, Pre-slump",1984.44383561644,1984.5
st_s002,st_s002,7,1985,1990,68.6937602052197,-131.64161998437,1985-07-15,1,445,624,575,1039,284,3,60.5379948278117,190,"Affected, Pre-slump",1985.53698630137,1985.5
st_s002,st_s002,6,1987,1990,68.6937602052197,-131.64161998437,1987-06-03,8,426,526,600,603,286,3,110.750023039058,150,"Affected, Pre-slump",1987.42191780822,1987.5
st_s002,st_s002,6,1989,1990,68.6937602052197,-131.64161998437,1989-06-08,2,286,333,370,319,293,3,62.9385520644952,150,"Affected, Pre-slump",1989.43561643836,1989.5
st_s002,st_s002,6,1991,1990,68.6937602052197,-131.64161998437,1991-06-14,2,281,381,392,344,292,3,33.2771430474057,160,"Affected, Pre-slump",1991.45205479452,1991.5
st_s002,st_s002,5,1992,1990,68.6937602052197,-131.64161998437,1992-05-31,9,777,936,1058,1226,280,3,168.494117293214,150,"Affected, Pre-slump",1992.41643835616,1992.33333333333
st_s002,st_s002,7,1993,1990,68.6937602052197,-131.64161998437,1993-07-05,1,501,672,685,1043,297,3,84.2038817486104,180,"Affected, Pre-slump",1993.5095890411,1993.5
st_s002,st_s002,5,1994,1990,68.6937602052197,-131.64161998437,1994-05-21,8,398,493,612,517,286,3,177.035103018224,140,"Affected, Pre-slump",1994.38630136986,1994.33333333333
st_s002,st_s002,6,1994,1990,68.6937602052197,-131.64161998437,1994-06-06,5,241,326,396,325,291,3,82.456870363324,150,"Affected, Pre-slump",1994.4301369863,1994.5
st_s002,st_s002,5,1995,1995,68.6937602052197,-131.64161998437,1995-05-08,11,544,476,607,632,281,3,172.873339327483,120,"Affected, Pre-slump",1995.35068493151,1995.33333333333
st_s002,st_s002,5,1995,1995,68.6937602052197,-131.64161998437,1995-05-24,8,793,816,865,862,279,3,96.8345769087284,140,"Affected, Pre-slump",1995.39452054795,1995.33333333333
st_s002,st_s002,8,1998,1995,68.6937602052197,-131.64161998437,1998-08-20,3,479,634,659,1068,293,3,145.506191918856,230,"Affected, Post-slump",1998.63561643836,1998.66666666667
st_s002,st_s002,7,2004,2000,68.6937602052197,-131.64161998437,2004-07-19,51,343,377,274,754,294,3,13.1758308665439,200,"Affected, Post-slump",2004.55068493151,2004.5
st_s002,st_s002,6,2005,2005,68.6937602052197,-131.64161998437,2005-06-04,3,232,304,341,265,291,3,92.6153606649865,150,"Affected, Post-slump",2005.42465753425,2005.5
st_s002,st_s002,6,2005,2005,68.6937602052197,-131.64161998437,2005-06-20,1,180,346,374,308,292,3,43.9366998071489,170,"Affected, Post-slump",2005.46849315068,2005.5
st_s002,st_s002,8,2005,2005,68.6937602052197,-131.64161998437,2005-08-07,11,646,716,616,1217,294,3,29.4785995473009,210,"Affected, Post-slump",2005.6,2005.66666666667
st_s002,st_s002,6,2006,2005,68.6937602052197,-131.64161998437,2006-06-07,4,329,419,432,404,294,3,46.4963868701826,150,"Affected, Post-slump",2006.43287671233,2006.5
st_s002,st_s002,7,2006,2005,68.6937602052197,-131.64161998437,2006-07-09,1,158,203,262,352,291,3,253.480017276332,190,"Affected, Post-slump",2006.52054794521,2006.5
st_s002,st_s002,8,2008,2005,68.6937602052197,-131.64161998437,2008-08-15,1,326,526,434,1102,288,3,73.7168875532693,220,"Affected, Post-slump",2008.62465753425,2008.66666666667
st_s002,st_s002,8,2009,2005,68.6937602052197,-131.64161998437,2009-08-18,32,246,253,215,510,290,3,22.6196899792746,230,"Affected, Post-slump",2009.6301369863,2009.66666666667
st_s002,st_s002,9,2009,2005,68.6937602052197,-131.64161998437,2009-09-03,5,380,514,576,564,290,3,77.6209935435699,240,"Affected, Post-slump",2009.67397260274,2009.66666666667
st_s002,st_s002,6,2011,2010,68.6937602052197,-131.64161998437,2011-06-05,6,253,348,415,353,295,3,79.4739710370081,150,"Affected, Post-slump",2011.42739726027,2011.5
st_s002,st_s002,6,1986,1990,68.6937602052197,-131.64161998437,1986-06-07,6,323,421,504,496,284,3,148.911598372432,150,"Affected, Pre-slump",1986.43287671233,1986.5
st_s002,st_s002,6,1988,1990,68.6937602052197,-131.64161998437,1988-06-28,16,210,257,174,350,295,3,5.06107086724235,180,"Affected, Pre-slump",1988.49315068493,1988.5
st_s002,st_s002,8,1992,1990,68.6937602052197,-131.64161998437,1992-08-26,14,573,651,627,1040,287,3,46.0199689996449,230,"Affected, Pre-slump",1992.65479452055,1992.66666666667
st_s002,st_s002,6,1993,1990,68.6937602052197,-131.64161998437,1993-06-10,2,318,415,449,431,293,3,56.3974723730643,160,"Affected, Pre-slump",1993.44109589041,1993.5
st_s002,st_s002,7,1994,1990,68.6937602052197,-131.64161998437,1994-07-31,2,232,297,258,415,294,3,28.3049526015493,210,"Affected, Pre-slump",1994.58082191781,1994.5
st_s002,st_s002,6,1997,1995,68.6937602052197,-131.64161998437,1997-06-05,7,285,420,471,456,290,3,73.4917537134303,150,"Affected, Pre-slump",1997.42739726027,1997.5
st_s002,st_s002,6,2005,2005,68.6937602052197,-131.64161998437,2005-06-11,1,229,344,374,355,297,3,80.592883084536,160,"Affected, Post-slump",2005.44383561644,2005.5
st_s002,st_s002,6,2006,2005,68.6937602052197,-131.64161998437,2006-06-14,1,225,275,243,368,295,3,34.9375751263808,160,"Affected, Post-slump",2006.45205479452,2006.5
st_s002,st_s002,6,2006,2005,68.6937602052197,-131.64161998437,2006-06-30,8,441,573,679,930,293,3,209.834649865722,180,"Affected, Post-slump",2006.49589041096,2006.5
st_s002,st_s002,6,2008,2005,68.6937602052197,-131.64161998437,2008-06-03,1,295,408,347,451,294,3,23.5493611270035,150,"Affected, Post-slump",2008.42465753425,2008.5
st_s002,st_s002,6,2008,2005,68.6937602052197,-131.64161998437,2008-06-19,14,225,262,195,331,286,3,7.47761829638436,170,"Affected, Post-slump",2008.46849315068,2008.5
st_s002,st_s002,6,2009,2005,68.6937602052197,-131.64161998437,2009-06-06,7,325,462,540,492,293,3,112.120254494575,150,"Affected, Post-slump",2009.4301369863,2009.5
st_s002,st_s002,5,2010,2010,68.6937602052197,-131.64161998437,2010-05-24,4,276,326,393,345,290,3,112.366848139367,140,"Affected, Post-slump",2010.39452054795,2010.33333333333
st_s002,st_s002,7,2010,2010,68.6937602052197,-131.64161998437,2010-07-27,1,240,220,237,435,297,3,157.087651876247,200,"Affected, Post-slump",2010.5698630137,2010.5
st_s002,st_s002,5,2011,2010,68.6937602052197,-131.64161998437,2011-05-27,3,407,583,605,797,292,3,70.5150605171746,140,"Affected, Post-slump",2011.40273972603,2011.33333333333
st_s002,st_s002,8,2011,2010,68.6937602052197,-131.64161998437,2011-08-31,2,441,650,677,586,285,3,58.4678898526157,240,"Affected, Post-slump",2011.66575342466,2011.66666666667
st_s002,st_s002,8,1988,1990,68.6937602052197,-131.64161998437,1988-08-06,5,512,676,563,1018,292,3,29.1468973754456,210,"Affected, Pre-slump",1988.6,1988.66666666667
st_s002,st_s002,8,1989,1990,68.6937602052197,-131.64161998437,1989-08-09,3,468,629,579,1094,301,3,59.2565027762433,220,"Affected, Pre-slump",1989.60547945205,1989.66666666667
st_s002,st_s002,6,1996,1995,68.6937602052197,-131.64161998437,1996-06-09,7,323,408,463,453,293,3,75.2659704237419,160,"Affected, Pre-slump",1996.44109589041,1996.5
st_s002,st_s002,6,1998,1995,68.6937602052197,-131.64161998437,1998-06-15,12,312,360,310,505,292,3,19.657825241905,160,"Affected, Post-slump",1998.45479452055,1998.5
st_s002,st_s002,6,1999,1995,68.6937602052197,-131.64161998437,1999-06-02,5,329,419,431,363,291,3,39.082914610969,150,"Affected, Post-slump",1999.41917808219,1999.5
st_s002,st_s002,7,1999,1995,68.6937602052197,-131.64161998437,1999-07-04,1,353,640,573,1110,293,3,105.764851710208,180,"Affected, Post-slump",1999.50684931507,1999.5
st_s002,st_s002,6,2006,2005,68.6937602052197,-131.64161998437,2006-06-05,12,402,461,500,392,285,3,62.4597648784444,150,"Affected, Post-slump",2006.42739726027,2006.5
st_s002,st_s002,6,2008,2005,68.6937602052197,-131.64161998437,2008-06-10,1,182,227,241,233,291,3,34.9544862254919,160,"Affected, Post-slump",2008.44383561644,2008.5
st_s002,st_s002,7,2008,2005,68.6937602052197,-131.64161998437,2008-07-12,2,340,540,495,1040,295,3,77.6696439718916,190,"Affected, Post-slump",2008.53150684932,2008.5
st_s002,st_s002,7,2008,2005,68.6937602052197,-131.64161998437,2008-07-28,4,422,616,502,1069,299,3,34.9051439024847,210,"Affected, Post-slump",2008.57534246575,2008.5
st_s002,st_s002,5,2009,2005,68.6937602052197,-131.64161998437,2009-05-28,3,469,630,641,614,289,3,70.4932909995888,140,"Affected, Post-slump",2009.40547945206,2009.33333333333
st_s002,st_s002,9,2010,2010,68.6937602052197,-131.64161998437,2010-09-04,1,221,369,462,423,283,3,110.286633397966,240,"Affected, Post-slump",2010.67671232877,2010.66666666667
st_s002,st_s002,6,2011,2010,68.6937602052197,-131.64161998437,2011-06-03,9,253,411,428,406,286,3,66.1450022428901,150,"Affected, Post-slump",2011.42191780822,2011.5
st_s002,st_s002,8,1988,1990,68.6937602052197,-131.64161998437,1988-08-06,6,511,672,561,1016,292,3,29.0139685955411,210,"Affected, Pre-slump",1988.6,1988.66666666667
st_s002,st_s002,8,1989,1990,68.6937602052197,-131.64161998437,1989-08-09,3,440,605,557,1080,301,3,61.5800686830867,220,"Affected, Pre-slump",1989.60547945205,1989.66666666667
st_s002,st_s002,6,1996,1995,68.6937602052197,-131.64161998437,1996-06-09,7,310,397,456,450,293,3,78.6193183062386,160,"Affected, Pre-slump",1996.44109589041,1996.5
st_s002,st_s002,7,1997,1995,68.6937602052197,-131.64161998437,1997-07-30,1,234,270,278,412,291,3,133.226562255669,210,"Affected, Pre-slump",1997.57808219178,1997.5
st_s002,st_s002,6,1998,1995,68.6937602052197,-131.64161998437,1998-06-15,11,308,356,306,506,292,3,17.0564414154567,160,"Affected, Post-slump",1998.45479452055,1998.5
st_s002,st_s002,6,1999,1995,68.6937602052197,-131.64161998437,1999-06-02,6,350,415,429,363,292,3,29.1430280327897,150,"Affected, Post-slump",1999.41917808219,1999.5
st_s002,st_s002,7,1999,1995,68.6937602052197,-131.64161998437,1999-07-04,1,372,648,580,1105,293,3,105.883197873479,180,"Affected, Post-slump",1999.50684931507,1999.5
st_s002,st_s002,8,1999,1995,68.6937602052197,-131.64161998437,1999-08-21,3,489,763,670,1222,290,3,43.7858840784351,230,"Affected, Post-slump",1999.63835616438,1999.66666666667
st_s002,st_s002,6,2006,2005,68.6937602052197,-131.64161998437,2006-06-05,11,393,453,494,388,286,3,63.8523402068396,150,"Affected, Post-slump",2006.42739726027,2006.5
st_s002,st_s002,6,2008,2005,68.6937602052197,-131.64161998437,2008-06-10,1,180,223,238,232,291,3,35.2498431382049,160,"Affected, Post-slump",2008.44383561644,2008.5
st_s002,st_s002,7,2008,2005,68.6937602052197,-131.64161998437,2008-07-28,3,427,596,532,1121,299,3,55.9369859440779,210,"Affected, Post-slump",2008.57534246575,2008.5
st_s002,st_s002,8,1999,1995,68.6937602052197,-131.64161998437,1999-08-24,4,598,859,867,1133,287,3,108.572564103831,230,"Affected, Post-slump",1999.64657534247,1999.66666666667
st_s002,st_s002,6,2000,2000,68.6937602052197,-131.64161998437,2000-06-07,6,643,619,674,768,286,3,64.5143384384942,150,"Affected, Post-slump",2000.43561643836,2000.5
st_s002,st_s002,8,2000,2000,68.6937602052197,-131.64161998437,2000-08-10,29,172,190,96,270,289,3,2.43571629310072,220,"Affected, Post-slump",2000.61095890411,2000.66666666667
st_s002,st_s002,6,2001,2000,68.6937602052197,-131.64161998437,2001-06-10,5,260,268,264,300,287,3,52.149883259566,160,"Affected, Post-slump",2001.44109589041,2001.5
st_s002,st_s002,6,2001,2000,68.6937602052197,-131.64161998437,2001-06-26,1,198,188,183,396,291,3,64.7006071865168,170,"Affected, Post-slump",2001.48493150685,2001.5
st_s002,st_s002,7,2001,2000,68.6937602052197,-131.64161998437,2001-07-28,14,148,131,80,245,290,3,3.94241882455019,200,"Affected, Post-slump",2001.57260273973,2001.5
st_s002,st_s002,7,2006,2005,68.6937602052197,-131.64161998437,2006-07-10,1,157,205,199,433,290,3,86.9302632680597,190,"Affected, Post-slump",2006.52328767123,2006.5
st_s002,st_s002,5,2009,2005,68.6937602052197,-131.64161998437,2009-05-31,2,425,529,634,865,285,3,254.089429407686,150,"Affected, Post-slump",2009.41369863014,2009.33333333333
st_s002,st_s002,7,2012,2010,68.6937602052197,-131.64161998437,2012-07-10,2,590,773,850,1307,285,3,172.439086789712,190,"Affected, Post-slump",2012.52602739726,2012.5
st_s002,st_s002,7,2012,2010,68.6937602052197,-131.64161998437,2012-07-26,10,389,576,634,1151,295,3,230.651756745333,200,"Affected, Post-slump",2012.5698630137,2012.5
st_s002,st_s002,5,2014,2010,68.6937602052197,-131.64161998437,2014-05-29,1,429,548,636,1021,290,3,230.234500727636,140,"Affected, Post-slump",2014.40821917808,2014.33333333333
st_s002,st_s002,8,2016,2015,68.6937602052197,-131.64161998437,2016-08-06,3,345,556,652,1094,290,3,268.031336571199,210,"Affected, Post-slump",2016.6,2016.66666666667
st_s002,st_s002,5,2017,2015,68.6937602052197,-131.64161998437,2017-05-21,17,407,503,570,707,284,3,112.38390850269,140,"Affected, Post-slump",2017.38630136986,2017.33333333333
st_s002,st_s002,6,2017,2015,68.6937602052197,-131.64161998437,2017-06-22,1,142,182,217,286,294,3,103.274361000518,170,"Affected, Post-slump",2017.47397260274,2017.5
st_s002,st_s002,8,2017,2015,68.6937602052197,-131.64161998437,2017-08-09,11,144,142,81,227,295,3,3.63184405828395,220,"Affected, Post-slump",2017.60547945206,2017.66666666667
st_s002,st_s002,6,2019,2015,68.6937602052197,-131.64161998437,2019-06-28,1,326,459,555,666,290,3,338.476926084282,170,"Affected, Post-slump",2019.4904109589,2019.5
st_s002,st_s002,7,2019,2015,68.6937602052197,-131.64161998437,2019-07-30,2,439,699,665,1267,293,3,118.30326713476,210,"Affected, Post-slump",2019.57808219178,2019.5
st_s002,st_s002,7,2021,2015,68.6937602052197,-131.64161998437,2021-07-19,5,513,696,725,1285,292,3,128.44835746857,200,"Affected, Post-slump",2021.54794520548,2021.5
st_s002,st_s002,8,2021,2015,68.6937602052197,-131.64161998437,2021-08-04,4,345,578,514,1199,293,3,99.4819272523374,210,"Affected, Post-slump",2021.59178082192,2021.66666666667
st_s002,st_s002,6,2022,2015,68.6937602052197,-131.64161998437,2022-06-19,4,187,201,201,372,285,3,87.0984996891651,170,"Affected, Post-slump",2022.46575342466,2022.5
st_s002,st_s002,7,2022,2015,68.6937602052197,-131.64161998437,2022-07-06,13,432,592,560,1189,299,3,93.6498350747221,180,"Affected, Post-slump",2022.51232876712,2022.5
st_s002,st_s002,6,2023,2015,68.6937602052197,-131.64161998437,2023-06-02,1,278,380,442,499,286,3,353.774415622376,150,"Affected, Post-slump",2023.41917808219,2023.5
st_s002,st_s002,6,2023,2015,68.6937602052197,-131.64161998437,2023-06-29,2,428,583,564,1305,298,3,110.068988513892,180,"Affected, Post-slump",2023.49315068493,2023.5
st_s002,st_s002,7,2023,2015,68.6937602052197,-131.64161998437,2023-07-21,2,299,494,447,1251,301,3,171.646966336444,200,"Affected, Post-slump",2023.55342465753,2023.5
st_s002,st_s002,6,2000,2000,68.6937602052197,-131.64161998437,2000-06-14,9,528,531,520,597,286,3,71.9798752267426,160,"Affected, Post-slump",2000.45479452055,2000.5
st_s002,st_s002,7,2001,2000,68.6937602052197,-131.64161998437,2001-07-03,1,174,258,267,398,297,3,60.8290500141322,180,"Affected, Post-slump",2001.50410958904,2001.5
st_s002,st_s002,7,2007,2005,68.6937602052197,-131.64161998437,2007-07-04,2,213,326,342,626,297,3,95.8232217753847,180,"Affected, Post-slump",2007.50684931507,2007.5
st_s002,st_s002,8,2010,2010,68.6937602052197,-131.64161998437,2010-08-29,16,276,267,216,373,286,3,18.9790150687749,240,"Affected, Post-slump",2010.6602739726,2010.66666666667
st_s002,st_s002,5,2012,2010,68.6937602052197,-131.64161998437,2012-05-30,8,480,552,694,708,289,3,189.239978700886,150,"Affected, Post-slump",2012.41369863014,2012.33333333333
st_s002,st_s002,8,2012,2010,68.6937602052197,-131.64161998437,2012-08-18,6,436,595,685,1140,294,3,248.476867112035,230,"Affected, Post-slump",2012.63287671233,2012.66666666667
st_s002,st_s002,9,2013,2010,68.6937602052197,-131.64161998437,2013-09-06,1,450,466,531,638,283,3,175.887786094484,240,"Affected, Post-slump",2013.68219178082,2013.66666666667
st_s002,st_s002,6,2014,2010,68.6937602052197,-131.64161998437,2014-06-05,4,440,484,616,571,286,3,286.800306755544,150,"Affected, Post-slump",2014.42739726027,2014.5
st_s002,st_s002,7,2014,2010,68.6937602052197,-131.64161998437,2014-07-23,11,571,801,815,1408,295,3,120.130911892964,200,"Affected, Post-slump",2014.55890410959,2014.5
st_s002,st_s002,7,2016,2015,68.6937602052197,-131.64161998437,2016-07-28,1,273,412,481,1120,299,3,486.30564226266,210,"Affected, Post-slump",2016.57534246575,2016.5
st_s002,st_s002,8,2016,2015,68.6937602052197,-131.64161998437,2016-08-13,1,414,555,737,787,292,3,513.926322896109,220,"Affected, Post-slump",2016.61917808219,2016.66666666667
st_s002,st_s002,7,2018,2015,68.6937602052197,-131.64161998437,2018-07-18,7,256,425,427,846,290,3,169.27930082662,190,"Affected, Post-slump",2018.54520547945,2018.5
st_s002,st_s002,6,2020,2015,68.6937602052197,-131.64161998437,2020-06-05,24,241,223,177,199,282,3,11.6713277733326,150,"Affected, Post-slump",2020.4301369863,2020.5
st_s002,st_s002,7,2020,2015,68.6937602052197,-131.64161998437,2020-07-23,5,255,431,470,815,289,3,175.757856493722,200,"Affected, Post-slump",2020.56164383562,2020.5
st_s002,st_s002,8,2020,2015,68.6937602052197,-131.64161998437,2020-08-24,8,452,641,684,1103,293,3,131.509475217365,230,"Affected, Post-slump",2020.64931506849,2020.66666666667
st_s002,st_s002,5,2021,2015,68.6937602052197,-131.64161998437,2021-05-23,2,469,570,715,956,282,3,472.331757620287,140,"Affected, Post-slump",2021.39178082192,2021.33333333333
st_s002,st_s002,8,2021,2015,68.6937602052197,-131.64161998437,2021-08-11,7,604,757,779,1440,288,3,101.748693636766,220,"Affected, Post-slump",2021.61095890411,2021.66666666667
st_s002,st_s002,8,2021,2015,68.6937602052197,-131.64161998437,2021-08-27,3,644,795,821,1247,286,3,92.0343819418689,230,"Affected, Post-slump",2021.65479452055,2021.66666666667
st_s002,st_s002,6,2023,2015,68.6937602052197,-131.64161998437,2023-06-12,1,234,317,319,356,290,3,51.9255112260739,160,"Affected, Post-slump",2023.44657534247,2023.5
st_s002,st_s002,7,2023,2015,68.6937602052197,-131.64161998437,2023-07-04,1,337,515,545,1103,301,3,214.065626476433,180,"Affected, Post-slump",2023.50684931507,2023.5
st_s002,st_s002,6,2000,2000,68.6937602052197,-131.64161998437,2000-06-21,7,240,325,454,451,291,3,409.398799151475,170,"Affected, Post-slump",2000.47397260274,2000.5
st_s002,st_s002,7,2000,2000,68.6937602052197,-131.64161998437,2000-07-23,1,168,270,315,468,296,3,200.570685315262,200,"Affected, Post-slump",2000.56164383562,2000.5
st_s002,st_s002,7,2004,2000,68.6937602052197,-131.64161998437,2004-07-02,5,358,501,479,1027,294,3,92.0776281533809,180,"Affected, Post-slump",2004.50410958904,2004.5
st_s002,st_s002,7,2006,2005,68.6937602052197,-131.64161998437,2006-07-08,2,151,191,216,427,290,3,204.113694839648,180,"Affected, Post-slump",2006.51780821918,2006.5
st_s002,st_s002,7,2007,2005,68.6937602052197,-131.64161998437,2007-07-11,1,265,399,310,1046,302,3,52.5914063207673,190,"Affected, Post-slump",2007.52602739726,2007.5
st_s002,st_s002,9,2009,2005,68.6937602052197,-131.64161998437,2009-09-02,1,422,465,575,562,287,3,183.443464050641,240,"Affected, Post-slump",2009.67123287671,2009.66666666667
st_s002,st_s002,9,2010,2010,68.6937602052197,-131.64161998437,2010-09-05,2,182,269,209,446,283,3,44.4532460189139,240,"Affected, Post-slump",2010.67945205479,2010.66666666667
st_s002,st_s002,8,2012,2010,68.6937602052197,-131.64161998437,2012-08-09,5,330,520,623,1119,294,3,374.75740604916,220,"Affected, Post-slump",2012.60821917808,2012.66666666667
st_s002,st_s002,6,2013,2010,68.6937602052197,-131.64161998437,2013-06-09,2,443,557,690,845,286,3,180.18283366984,160,"Affected, Post-slump",2013.43835616438,2013.5
st_s002,st_s002,8,2013,2010,68.6937602052197,-131.64161998437,2013-08-12,5,435,603,624,1234,299,3,143.95813797843,220,"Affected, Post-slump",2013.61369863014,2013.66666666667
st_s002,st_s002,6,2014,2010,68.6937602052197,-131.64161998437,2014-06-12,1,282,304,317,440,295,3,60.6818422031682,160,"Affected, Post-slump",2014.44657534247,2014.5
st_s002,st_s002,7,2014,2010,68.6937602052197,-131.64161998437,2014-07-30,11,468,520,476,1132,281,3,68.7727332450699,210,"Affected, Post-slump",2014.57808219178,2014.5
st_s002,st_s002,7,2015,2015,68.6937602052197,-131.64161998437,2015-07-01,2,454,528,430,1169,297,3,37.8345541583822,180,"Affected, Post-slump",2015.49863013699,2015.5
st_s002,st_s002,6,2016,2015,68.6937602052197,-131.64161998437,2016-06-17,2,503,590,622,962,281,3,98.6150714918122,160,"Affected, Post-slump",2016.46301369863,2016.5
st_s002,st_s002,5,2017,2015,68.6937602052197,-131.64161998437,2017-05-19,4,700,784,874,1150,281,3,142.955195633736,130,"Affected, Post-slump",2017.38082191781,2017.33333333333
st_s002,st_s002,8,2017,2015,68.6937602052197,-131.64161998437,2017-08-23,1,378,566,616,1098,293,3,158.796817089876,230,"Affected, Post-slump",2017.64383561644,2017.66666666667
st_s002,st_s002,6,2018,2015,68.6937602052197,-131.64161998437,2018-06-07,1,266,306,312,360,286,3,90.2783953106605,150,"Affected, Post-slump",2018.43287671233,2018.5
st_s002,st_s002,7,2018,2015,68.6937602052197,-131.64161998437,2018-07-25,1,392,555,590,1040,296,3,182.965210540518,200,"Affected, Post-slump",2018.56438356164,2018.5
st_s002,st_s002,7,2019,2015,68.6937602052197,-131.64161998437,2019-07-28,6,471,747,748,1201,297,3,132.944718156632,200,"Affected, Post-slump",2019.57260273973,2019.5
st_s002,st_s002,5,2020,2015,68.6937602052197,-131.64161998437,2020-05-27,3,449,558,702,708,279,3,261.2832356949,140,"Affected, Post-slump",2020.40547945205,2020.33333333333
st_s002,st_s002,7,2020,2015,68.6937602052197,-131.64161998437,2020-07-30,10,661,852,830,1487,295,3,94.6990241070353,210,"Affected, Post-slump",2020.58082191781,2020.5
st_s002,st_s002,6,2021,2015,68.6937602052197,-131.64161998437,2021-06-15,1,278,384,418,509,295,3,148.360459322539,160,"Affected, Post-slump",2021.45479452055,2021.5
st_s002,st_s002,7,2021,2015,68.6937602052197,-131.64161998437,2021-07-17,2,372,572,526,1112,299,3,109.437462725396,190,"Affected, Post-slump",2021.54246575343,2021.5
st_s002,st_s002,7,2022,2015,68.6937602052197,-131.64161998437,2022-07-16,5,498,715,742,1191,291,3,157.422938254277,190,"Affected, Post-slump",2022.5397260274,2022.5
st_s002,st_s002,7,2023,2015,68.6937602052197,-131.64161998437,2023-07-09,4,334,588,615,1103,298,3,225.11204791426,190,"Affected, Post-slump",2023.52054794521,2023.5
st_s002,st_s002,7,1999,1995,68.6937602052197,-131.64161998437,1999-07-12,11,162,192,163,394,288,3,29.1639609583392,190,"Affected, Post-slump",1999.52876712329,1999.5
st_s002,st_s002,7,1999,1995,68.6937602052197,-131.64161998437,1999-07-28,6,157,188,156,383,287,3,39.2067530332003,200,"Affected, Post-slump",1999.57260273973,1999.5
st_s002,st_s002,6,2000,2000,68.6937602052197,-131.64161998437,2000-06-12,5,441,549,631,846,287,3,174.601105636362,160,"Affected, Post-slump",2000.44931506849,2000.5
st_s002,st_s002,7,2002,2000,68.6937602052197,-131.64161998437,2002-07-20,22,141,157,114,283,299,3,12.0931441778935,200,"Affected, Post-slump",2002.55068493151,2002.5
st_s002,st_s002,9,2002,2000,68.6937602052197,-131.64161998437,2002-09-06,2,158,223,239,389,289,3,124.039640240158,240,"Affected, Post-slump",2002.68219178082,2002.66666666667
st_s002,st_s002,8,2003,2000,68.6937602052197,-131.64161998437,2003-08-24,12,204,201,191,341,287,3,61.7664064618091,230,"Affected, Post-slump",2003.64657534247,2003.66666666667
st_s002,st_s002,8,2004,2000,68.6937602052197,-131.64161998437,2004-08-26,5,255,190,174,325,281,3,31.3572231754355,230,"Affected, Post-slump",2004.65479452055,2004.66666666667
st_s002,st_s002,8,2005,2005,68.6937602052197,-131.64161998437,2005-08-29,1,182,224,270,485,285,3,228.110174567111,240,"Affected, Post-slump",2005.6602739726,2005.66666666667
st_s002,st_s002,6,2007,2005,68.6937602052197,-131.64161998437,2007-06-16,1,286,344,255,528,292,3,10.0030689066593,160,"Affected, Post-slump",2007.45753424658,2007.5
st_s002,st_s002,8,2009,2005,68.6937602052197,-131.64161998437,2009-08-24,1,454,493,544,1036,292,3,143.460116123502,230,"Affected, Post-slump",2009.64657534247,2009.66666666667
st_s002,st_s002,5,2010,2010,68.6937602052197,-131.64161998437,2010-05-23,2,242,256,332,346,284,3,261.661386048107,140,"Affected, Post-slump",2010.39178082192,2010.33333333333
st_s002,st_s002,5,2011,2010,68.6937602052197,-131.64161998437,2011-05-26,2,403,488,581,689,288,3,143.87946186837,140,"Affected, Post-slump",2011.4,2011.33333333333
st_s002,st_s002,6,2014,2010,68.6937602052197,-131.64161998437,2014-06-03,3,308,441,570,535,282,3,186.176149471229,150,"Affected, Post-slump",2014.42191780822,2014.5
st_s002,st_s002,5,2015,2015,68.6937602052197,-131.64161998437,2015-05-21,1,663,831,943,1143,282,3,139.090113923477,140,"Affected, Post-slump",2015.38630136986,2015.33333333333
st_s002,st_s002,8,2015,2015,68.6937602052197,-131.64161998437,2015-08-09,1,463,562,589,1012,290,3,104.661336159166,220,"Affected, Post-slump",2015.60547945205,2015.66666666667
st_s002,st_s002,7,2016,2015,68.6937602052197,-131.64161998437,2016-07-26,1,431,615,705,1180,288,3,255.674894978682,200,"Affected, Post-slump",2016.5698630137,2016.5
st_s002,st_s002,6,2017,2015,68.6937602052197,-131.64161998437,2017-06-11,1,177,246,251,361,286,3,85.9384275415499,160,"Affected, Post-slump",2017.44383561644,2017.5
st_s002,st_s002,7,2017,2015,68.6937602052197,-131.64161998437,2017-07-13,3,319,510,573,1026,295,3,245.36117006145,190,"Affected, Post-slump",2017.53150684932,2017.5
st_s002,st_s002,7,2017,2015,68.6937602052197,-131.64161998437,2017-07-29,1,377,590,608,1101,298,3,171.535316266677,210,"Affected, Post-slump",2017.57534246575,2017.5
st_s002,st_s002,5,2018,2015,68.6937602052197,-131.64161998437,2018-05-29,7,542,552,587,595,281,3,48.8533757926489,140,"Affected, Post-slump",2018.40821917808,2018.33333333333
st_s002,st_s002,6,2018,2015,68.6937602052197,-131.64161998437,2018-06-14,6,261,242,240,293,289,3,43.9971410382829,160,"Affected, Post-slump",2018.45205479452,2018.5
st_s002,st_s002,8,2019,2015,68.6937602052197,-131.64161998437,2019-08-20,1,463,527,417,1089,284,3,22.5847692536199,230,"Affected, Post-slump",2019.63561643836,2019.66666666667
st_s002,st_s002,6,2000,2000,68.6937602052197,-131.64161998437,2000-06-12,6,412,566,625,811,287,3,143.379748816318,160,"Affected, Post-slump",2000.44931506849,2000.5
st_s002,st_s002,8,2001,2000,68.6937602052197,-131.64161998437,2001-08-18,2,232,346,327,747,285,3,122.505550691558,230,"Affected, Post-slump",2001.6301369863,2001.66666666667
st_s002,st_s002,7,2002,2000,68.6937602052197,-131.64161998437,2002-07-20,21,135,151,109,281,299,3,11.5082713084025,200,"Affected, Post-slump",2002.55068493151,2002.5
st_s002,st_s002,9,2002,2000,68.6937602052197,-131.64161998437,2002-09-06,2,163,215,278,299,290,3,142.139312079757,240,"Affected, Post-slump",2002.68219178082,2002.66666666667
st_s002,st_s002,8,2003,2000,68.6937602052197,-131.64161998437,2003-08-24,12,216,207,166,304,287,3,13.243942482936,230,"Affected, Post-slump",2003.64657534247,2003.66666666667
st_s002,st_s002,5,2010,2010,68.6937602052197,-131.64161998437,2010-05-23,2,246,255,349,346,284,3,326.070438894214,140,"Affected, Post-slump",2010.39178082192,2010.33333333333
st_s002,st_s002,5,2011,2010,68.6937602052197,-131.64161998437,2011-05-26,2,374,479,609,688,288,3,297.678465847096,140,"Affected, Post-slump",2011.4,2011.33333333333
st_s002,st_s002,6,2014,2010,68.6937602052197,-131.64161998437,2014-06-03,3,310,440,569,533,282,3,208.324397674501,150,"Affected, Post-slump",2014.42191780822,2014.5
st_s002,st_s002,5,2015,2015,68.6937602052197,-131.64161998437,2015-05-21,1,676,837,947,1146,281,3,136.23578814954,140,"Affected, Post-slump",2015.38630136986,2015.33333333333
st_s002,st_s002,8,2015,2015,68.6937602052197,-131.64161998437,2015-08-09,1,476,567,592,1069,290,3,118.915188673119,220,"Affected, Post-slump",2015.60547945205,2015.66666666667
st_s002,st_s002,7,2016,2015,68.6937602052197,-131.64161998437,2016-07-26,2,410,600,676,1257,288,3,260.848330672142,200,"Affected, Post-slump",2016.5698630137,2016.5
st_s002,st_s002,6,2017,2015,68.6937602052197,-131.64161998437,2017-06-11,1,203,247,251,403,286,3,84.2400579530019,160,"Affected, Post-slump",2017.44383561644,2017.5
st_s002,st_s002,7,2017,2015,68.6937602052197,-131.64161998437,2017-07-13,1,387,548,538,1120,294,3,114.83356750492,190,"Affected, Post-slump",2017.53150684932,2017.5
st_s002,st_s002,5,2018,2015,68.6937602052197,-131.64161998437,2018-05-29,3,219,280,419,438,279,3,523.802021455358,140,"Affected, Post-slump",2018.40821917808,2018.33333333333
st_s002,st_s002,6,2018,2015,68.6937602052197,-131.64161998437,2018-06-14,5,261,240,238,340,289,3,36.1763461740853,160,"Affected, Post-slump",2018.45205479452,2018.5
st_s002,st_s002,6,2018,2015,68.6937602052197,-131.64161998437,2018-06-30,3,167,178,139,245,290,3,10.8694883416418,180,"Affected, Post-slump",2018.49589041096,2018.5
st_s002,st_s002,7,2018,2015,68.6937602052197,-131.64161998437,2018-07-16,1,321,524,501,1079,295,3,121.982220856961,190,"Affected, Post-slump",2018.5397260274,2018.5
st_s002,st_s002,8,2019,2015,68.6937602052197,-131.64161998437,2019-08-20,4,406,484,425,841,282,3,27.1504897811302,230,"Affected, Post-slump",2019.63561643836,2019.66666666667
st_s002,st_s002,6,2013,2010,68.6937602052197,-131.64161998437,2013-06-03,3,313,510,633,724,291,3,288.902114576425,150,"Affected, Post-slump",2013.42191780822,2013.5
st_s002,st_s002,6,2013,2010,68.6937602052197,-131.64161998437,2013-06-19,7,151,228,267,217,295,3,74.4066974586174,170,"Affected, Post-slump",2013.46575342466,2013.5
st_s002,st_s002,7,2013,2010,68.6937602052197,-131.64161998437,2013-07-21,4,209,386,455,360,295,3,86.298341150425,200,"Affected, Post-slump",2013.55342465753,2013.5
st_s002,st_s002,7,2014,2010,68.6937602052197,-131.64161998437,2014-07-08,10,189,297,359,344,296,3,102.953094195691,180,"Affected, Post-slump",2014.51780821918,2014.5
st_s002,st_s002,8,2014,2010,68.6937602052197,-131.64161998437,2014-08-09,6,342,530,615,684,292,3,170.030571007689,220,"Affected, Post-slump",2014.60547945206,2014.66666666667
st_s002,st_s002,5,2015,2015,68.6937602052197,-131.64161998437,2015-05-24,15,234,367,472,326,293,3,132.643126436459,140,"Affected, Post-slump",2015.39452054795,2015.33333333333
st_s002,st_s002,5,2016,2015,68.6937602052197,-131.64161998437,2016-05-10,2,380,560,664,549,284,3,174.569187818021,130,"Affected, Post-slump",2016.35890410959,2016.33333333333
st_s002,st_s002,6,2016,2015,68.6937602052197,-131.64161998437,2016-06-11,5,139,180,225,196,290,3,100.477551085778,160,"Affected, Post-slump",2016.44657534247,2016.5
st_s002,st_s002,7,2016,2015,68.6937602052197,-131.64161998437,2016-07-13,2,274,473,530,870,301,3,204.05622111822,190,"Affected, Post-slump",2016.53424657534,2016.5
st_s002,st_s002,5,2017,2015,68.6937602052197,-131.64161998437,2017-05-29,1,182,285,363,354,291,3,123.317205109776,140,"Affected, Post-slump",2017.40821917808,2017.33333333333
st_s002,st_s002,6,2017,2015,68.6937602052197,-131.64161998437,2017-06-14,4,124,177,230,91,292,3,116.478258460502,160,"Affected, Post-slump",2017.45205479452,2017.5
st_s002,st_s002,6,2017,2015,68.6937602052197,-131.64161998437,2017-06-30,15,215,447,547,554,296,3,122.259360332235,180,"Affected, Post-slump",2017.49589041096,2017.5
st_s002,st_s002,8,2017,2015,68.6937602052197,-131.64161998437,2017-08-01,4,121,227,266,282,299,3,89.4369609869862,210,"Affected, Post-slump",2017.58356164384,2017.66666666667
st_s002,st_s002,8,2017,2015,68.6937602052197,-131.64161998437,2017-08-17,2,277,504,582,577,290,3,142.963305206276,220,"Affected, Post-slump",2017.62739726027,2017.66666666667
st_s002,st_s002,9,2017,2015,68.6937602052197,-131.64161998437,2017-09-02,17,418,640,751,837,287,3,158.078731400131,240,"Affected, Post-slump",2017.67123287671,2017.66666666667
st_s002,st_s002,6,2018,2015,68.6937602052197,-131.64161998437,2018-06-01,11,287,429,547,572,292,3,267.0799766821,150,"Affected, Post-slump",2018.41643835616,2018.5
st_s002,st_s002,6,2018,2015,68.6937602052197,-131.64161998437,2018-06-17,3,133,163,203,76,290,3,103.852632181578,160,"Affected, Post-slump",2018.4602739726,2018.5
st_s002,st_s002,6,2019,2015,68.6937602052197,-131.64161998437,2019-06-04,2,189,301,356,291,288,3,76.8435273685665,150,"Affected, Post-slump",2019.42465753425,2019.5
st_s002,st_s002,6,2019,2015,68.6937602052197,-131.64161998437,2019-06-20,2,279,507,571,612,291,3,109.456466040214,170,"Affected, Post-slump",2019.46849315069,2019.5
st_s002,st_s002,5,2021,2015,68.6937602052197,-131.64161998437,2021-05-24,5,370,521,626,639,286,3,186.638850525514,140,"Affected, Post-slump",2021.39452054795,2021.33333333333
st_s002,st_s002,8,2021,2015,68.6937602052197,-131.64161998437,2021-08-28,6,316,558,594,503,294,3,57.0301712855372,240,"Affected, Post-slump",2021.65753424658,2021.66666666667
st_s002,st_s002,8,2022,2015,68.6937602052197,-131.64161998437,2022-08-31,13,80,184,201,243,291,3,92.8739757407948,240,"Affected, Post-slump",2022.66575342466,2022.66666666667
st_s002,st_s002,5,2023,2015,68.6937602052197,-131.64161998437,2023-05-14,3,218,496,440,673,280,3,110.652397301513,130,"Affected, Post-slump",2023.36712328767,2023.33333333333
st_s002,st_s002,6,2024,2015,68.6937602052197,-131.64161998437,2024-06-01,12,300,447,563,547,288,3,250.097105689973,150,"Affected, Post-slump",2024.41917808219,2024.5
st_s002,st_s002,6,2024,2015,68.6937602052197,-131.64161998437,2024-06-17,10,212,362,438,323,295,3,78.6970626870581,160,"Affected, Post-slump",2024.46301369863,2024.5
st_s002,st_s002,6,2013,2010,68.6937602052197,-131.64161998437,2013-06-26,5,164,242,252,261,298,3,35.2875664100861,170,"Affected, Post-slump",2013.48493150685,2013.5
st_s002,st_s002,7,2014,2010,68.6937602052197,-131.64161998437,2014-07-31,8,428,716,793,720,286,3,105.359117955693,210,"Affected, Post-slump",2014.58082191781,2014.5
st_s002,st_s002,9,2014,2010,68.6937602052197,-131.64161998437,2014-09-01,13,312,542,694,582,284,3,193.123048752038,240,"Affected, Post-slump",2014.66849315069,2014.66666666667
st_s002,st_s002,6,2016,2015,68.6937602052197,-131.64161998437,2016-06-18,4,64,161,215,73,297,3,45.4602023151579,170,"Affected, Post-slump",2016.46575342466,2016.5
st_s002,st_s002,7,2016,2015,68.6937602052197,-131.64161998437,2016-07-04,6,273,468,506,591,300,3,96.3656610330118,180,"Affected, Post-slump",2016.5095890411,2016.5
st_s002,st_s002,6,2017,2015,68.6937602052197,-131.64161998437,2017-06-05,8,133,200,264,150,288,3,114.09906097737,150,"Affected, Post-slump",2017.42739726027,2017.5
st_s002,st_s002,6,2017,2015,68.6937602052197,-131.64161998437,2017-06-21,4,144,250,275,251,299,3,43.1254498640859,170,"Affected, Post-slump",2017.47123287671,2017.5
st_s002,st_s002,6,2018,2015,68.6937602052197,-131.64161998437,2018-06-08,6,141,205,253,153,288,3,88.4799807419127,150,"Affected, Post-slump",2018.43561643836,2018.5
st_s002,st_s002,7,2018,2015,68.6937602052197,-131.64161998437,2018-07-10,7,151,289,352,349,295,3,124.883960742786,190,"Affected, Post-slump",2018.52328767123,2018.5
st_s002,st_s002,7,2018,2015,68.6937602052197,-131.64161998437,2018-07-26,2,427,678,778,730,297,3,137.517672358383,200,"Affected, Post-slump",2018.56712328767,2018.5
st_s002,st_s002,5,2019,2015,68.6937602052197,-131.64161998437,2019-05-26,15,206,335,444,318,287,3,156.100617307822,140,"Affected, Post-slump",2019.4,2019.33333333333
st_s002,st_s002,6,2019,2015,68.6937602052197,-131.64161998437,2019-06-27,13,243,433,482,440,293,3,62.1248589545034,170,"Affected, Post-slump",2019.48767123288,2019.5
st_s002,st_s002,7,2019,2015,68.6937602052197,-131.64161998437,2019-07-13,6,256,485,520,404,296,3,72.887344564092,190,"Affected, Post-slump",2019.53150684932,2019.5
st_s002,st_s002,5,2020,2015,68.6937602052197,-131.64161998437,2020-05-28,3,222,445,561,469,287,3,187.206262387018,140,"Affected, Post-slump",2020.40821917808,2020.33333333333
st_s002,st_s002,7,2020,2015,68.6937602052197,-131.64161998437,2020-07-31,3,405,701,718,1075,298,3,148.924491321735,210,"Affected, Post-slump",2020.58356164384,2020.5
st_s002,st_s002,6,2021,2015,68.6937602052197,-131.64161998437,2021-06-16,10,177,301,358,253,299,3,63.8151924872167,160,"Affected, Post-slump",2021.45753424658,2021.5
st_s002,st_s002,8,2022,2015,68.6937602052197,-131.64161998437,2022-08-22,18,209,411,523,575,283,3,188.771724527926,230,"Affected, Post-slump",2022.64109589041,2022.66666666667
st_s002,st_s002,7,2023,2015,68.6937602052197,-131.64161998437,2023-07-24,2,427,681,714,709,297,3,92.4030305727873,200,"Affected, Post-slump",2023.56164383562,2023.5
st_s002,st_s002,6,2024,2015,68.6937602052197,-131.64161998437,2024-06-08,6,365,565,676,743,290,3,208.194235955688,160,"Affected, Post-slump",2024.43835616438,2024.5
st_s002,st_s002,6,2024,2015,68.6937602052197,-131.64161998437,2024-06-24,10,186,293,341,271,297,3,74.1251907311532,170,"Affected, Post-slump",2024.48219178082,2024.5
st_s002,st_s002,5,2018,2015,68.6937602052197,-131.64161998437,2018-05-30,2,159,303,408,359,288,3,181.610673964436,150,"Affected, Post-slump",2018.41095890411,2018.33333333333
st_s002,st_s002,7,2013,2010,68.6937602052197,-131.64161998437,2013-07-19,10,176,336,389,392,294,3,91.5534959450148,200,"Affected, Post-slump",2013.54794520548,2013.5
st_s002,st_s002,6,2014,2010,68.6937602052197,-131.64161998437,2014-06-04,16,231,372,500,362,289,3,233.859035241734,150,"Affected, Post-slump",2014.42465753425,2014.5
st_s002,st_s002,7,2014,2010,68.6937602052197,-131.64161998437,2014-07-06,6,108,170,229,240,295,3,199.87868425339,180,"Affected, Post-slump",2014.51232876712,2014.5
st_s002,st_s002,8,2014,2010,68.6937602052197,-131.64161998437,2014-08-23,17,413,698,818,822,289,3,152.154822528404,230,"Affected, Post-slump",2014.64383561644,2014.66666666667
st_s002,st_s002,5,2015,2015,68.6937602052197,-131.64161998437,2015-05-22,16,317,507,626,581,293,3,199.644459818833,140,"Affected, Post-slump",2015.38904109589,2015.33333333333
st_s002,st_s002,8,2015,2015,68.6937602052197,-131.64161998437,2015-08-10,10,188,343,405,394,298,3,100.646291855415,220,"Affected, Post-slump",2015.60821917808,2015.66666666667
st_s002,st_s002,7,2016,2015,68.6937602052197,-131.64161998437,2016-07-27,11,234,416,534,517,295,3,170.300617467179,200,"Affected, Post-slump",2016.57260273973,2016.5
st_s002,st_s002,8,2016,2015,68.6937602052197,-131.64161998437,2016-08-28,15,189,373,482,408,287,3,119.836075228569,240,"Affected, Post-slump",2016.6602739726,2016.66666666667
st_s002,st_s002,7,2017,2015,68.6937602052197,-131.64161998437,2017-07-14,2,280,554,603,734,297,3,106.318030332377,190,"Affected, Post-slump",2017.53424657534,2017.5
st_s002,st_s002,5,2018,2015,68.6937602052197,-131.64161998437,2018-05-30,3,124,268,323,252,288,3,108.502944454155,150,"Affected, Post-slump",2018.41095890411,2018.33333333333
st_s002,st_s002,8,2018,2015,68.6937602052197,-131.64161998437,2018-08-18,17,288,505,603,534,285,3,118.290441504685,230,"Affected, Post-slump",2018.6301369863,2018.66666666667
st_s002,st_s002,6,2019,2015,68.6937602052197,-131.64161998437,2019-06-18,5,143,257,276,262,293,3,74.5464545466737,160,"Affected, Post-slump",2019.46301369863,2019.5
st_s002,st_s002,7,2019,2015,68.6937602052197,-131.64161998437,2019-07-20,2,343,774,620,1081,293,3,96.0518454698635,200,"Affected, Post-slump",2019.55068493151,2019.5
st_s002,st_s002,8,2019,2015,68.6937602052197,-131.64161998437,2019-08-21,3,307,516,632,887,286,3,317.385318149013,230,"Affected, Post-slump",2019.63835616438,2019.66666666667
st_s002,st_s002,6,2020,2015,68.6937602052197,-131.64161998437,2020-06-04,17,270,427,553,413,288,3,202.131495388394,150,"Affected, Post-slump",2020.42739726027,2020.5
st_s002,st_s002,8,2020,2015,68.6937602052197,-131.64161998437,2020-08-23,18,330,594,718,690,295,3,156.53714010888,230,"Affected, Post-slump",2020.64657534247,2020.66666666667
st_s002,st_s002,5,2021,2015,68.6937602052197,-131.64161998437,2021-05-22,11,306,457,573,592,290,3,297.270467967486,140,"Affected, Post-slump",2021.38904109589,2021.33333333333
st_s002,st_s002,6,2021,2015,68.6937602052197,-131.64161998437,2021-06-07,8,182,269,367,201,291,3,118.419169510094,150,"Affected, Post-slump",2021.43287671233,2021.5
st_s002,st_s002,6,2021,2015,68.6937602052197,-131.64161998437,2021-06-23,8,150,246,286,326,298,3,89.9963292406146,170,"Affected, Post-slump",2021.47671232877,2021.5
st_s002,st_s002,8,2021,2015,68.6937602052197,-131.64161998437,2021-08-26,8,268,497,526,487,294,3,71.5932846369688,230,"Affected, Post-slump",2021.65205479452,2021.66666666667
st_s002,st_s002,6,2022,2015,68.6937602052197,-131.64161998437,2022-06-26,2,219,391,404,427,297,3,73.1125601539115,170,"Affected, Post-slump",2022.48493150685,2022.5
st_s002,st_s002,8,2022,2015,68.6937602052197,-131.64161998437,2022-08-13,14,289,535,625,603,298,3,122.033389761664,220,"Affected, Post-slump",2022.61643835616,2022.66666666667
st_s002,st_s002,6,2024,2015,68.6937602052197,-131.64161998437,2024-06-15,17,245,389,487,307,293,3,125.793284399631,160,"Affected, Post-slump",2024.45753424658,2024.5
st_s002,st_s002,6,2013,2010,68.6937602052197,-131.64161998437,2013-06-08,14,224,352,472,311,291,3,179.277373957582,150,"Affected, Post-slump",2013.43561643836,2013.5
st_s002,st_s002,7,2013,2010,68.6937602052197,-131.64161998437,2013-07-10,2,154,221,276,195,294,3,115.819129562029,190,"Affected, Post-slump",2013.52328767123,2013.5
st_s002,st_s002,8,2013,2010,68.6937602052197,-131.64161998437,2013-08-11,13,274,500,584,697,306,3,159.719289461726,220,"Affected, Post-slump",2013.61095890411,2013.66666666667
st_s002,st_s002,6,2014,2010,68.6937602052197,-131.64161998437,2014-06-27,1,58,152,208,218,296,3,270.079053684313,170,"Affected, Post-slump",2014.48767123288,2014.5
st_s002,st_s002,7,2014,2010,68.6937602052197,-131.64161998437,2014-07-13,17,384,640,740,804,302,3,161.309201253151,190,"Affected, Post-slump",2014.53150684932,2014.5
st_s002,st_s002,7,2015,2015,68.6937602052197,-131.64161998437,2015-07-16,3,409,690,789,892,298,3,154.134303754721,190,"Affected, Post-slump",2015.5397260274,2015.5
st_s002,st_s002,7,2016,2015,68.6937602052197,-131.64161998437,2016-07-02,14,355,604,686,674,300,3,100.539039296245,180,"Affected, Post-slump",2016.50410958904,2016.5
st_s002,st_s002,5,2017,2015,68.6937602052197,-131.64161998437,2017-05-18,3,237,608,593,1243,287,3,503.407691759274,130,"Affected, Post-slump",2017.37808219178,2017.33333333333
st_s002,st_s002,6,2017,2015,68.6937602052197,-131.64161998437,2017-06-03,7,115,191,272,122,288,3,108.052500882071,150,"Affected, Post-slump",2017.42191780822,2017.5
st_s002,st_s002,6,2017,2015,68.6937602052197,-131.64161998437,2017-06-19,3,111,221,283,160,296,3,70.5607633915332,170,"Affected, Post-slump",2017.46575342466,2017.5
st_s002,st_s002,6,2018,2015,68.6937602052197,-131.64161998437,2018-06-22,5,193,284,339,324,299,3,82.2232392466468,170,"Affected, Post-slump",2018.47397260274,2018.5
st_s002,st_s002,8,2018,2015,68.6937602052197,-131.64161998437,2018-08-25,16,324,579,704,716,286,3,168.827439735532,230,"Affected, Post-slump",2018.64931506849,2018.66666666667
st_s002,st_s002,5,2019,2015,68.6937602052197,-131.64161998437,2019-05-24,20,320,493,612,612,290,3,221.747935941966,140,"Affected, Post-slump",2019.39452054795,2019.33333333333
st_s002,st_s002,6,2019,2015,68.6937602052197,-131.64161998437,2019-06-09,7,164,263,311,288,295,3,78.204065984131,160,"Affected, Post-slump",2019.43835616438,2019.5
st_s002,st_s002,7,2019,2015,68.6937602052197,-131.64161998437,2019-07-27,8,390,684,754,790,294,3,112.308757405098,200,"Affected, Post-slump",2019.5698630137,2019.5
st_s002,st_s002,5,2020,2015,68.6937602052197,-131.64161998437,2020-05-26,4,137,495,632,648,282,3,160.318646826537,140,"Affected, Post-slump",2020.40273972603,2020.33333333333
st_s002,st_s002,6,2021,2015,68.6937602052197,-131.64161998437,2021-06-14,5,165,279,348,229,293,3,82.6956576668391,160,"Affected, Post-slump",2021.45205479452,2021.5
st_s002,st_s002,7,2021,2015,68.6937602052197,-131.64161998437,2021-07-16,11,227,466,531,609,294,3,140.157340504394,190,"Affected, Post-slump",2021.5397260274,2021.5
st_s002,st_s002,6,2022,2015,68.6937602052197,-131.64161998437,2022-06-01,5,272,464,595,579,286,3,235.775720356775,150,"Affected, Post-slump",2022.41643835616,2022.5
st_s002,st_s002,7,2022,2015,68.6937602052197,-131.64161998437,2022-07-03,8,168,303,347,344,301,3,80.6328179825961,180,"Affected, Post-slump",2022.50410958904,2022.5
st_s002,st_s002,8,2022,2015,68.6937602052197,-131.64161998437,2022-08-04,8,188,380,483,440,298,3,120.857527647778,210,"Affected, Post-slump",2022.59178082192,2022.66666666667
st_s002,st_s002,5,2023,2015,68.6937602052197,-131.64161998437,2023-05-19,2,129,309,399,404,283,3,153.487136143021,130,"Affected, Post-slump",2023.38082191781,2023.33333333333
st_s002,st_s002,6,2023,2015,68.6937602052197,-131.64161998437,2023-06-04,10,175,295,379,295,296,3,91.659024567489,150,"Affected, Post-slump",2023.42465753425,2023.5
st_s002,st_s002,7,2023,2015,68.6937602052197,-131.64161998437,2023-07-22,11,295,513,543,716,302,3,129.949132880287,200,"Affected, Post-slump",2023.55616438356,2023.5
st_s002,st_s002,7,2013,2010,68.6937602052197,-131.64161998437,2013-07-10,1,127,209,268,194,294,3,121.500950343446,190,"Affected, Post-slump",2013.52328767123,2013.5
st_s002,st_s002,8,2013,2010,68.6937602052197,-131.64161998437,2013-08-11,12,284,495,565,706,306,3,154.477911227701,220,"Affected, Post-slump",2013.61095890411,2013.66666666667
st_s002,st_s002,6,2014,2010,68.6937602052197,-131.64161998437,2014-06-27,2,81,160,215,195,296,3,232.805297045742,170,"Affected, Post-slump",2014.48767123288,2014.5
st_s002,st_s002,7,2014,2010,68.6937602052197,-131.64161998437,2014-07-13,18,400,642,756,827,302,3,191.995286800855,190,"Affected, Post-slump",2014.53150684932,2014.5
st_s002,st_s002,8,2014,2010,68.6937602052197,-131.64161998437,2014-08-14,18,372,632,719,741,288,3,145.671296023278,220,"Affected, Post-slump",2014.61917808219,2014.66666666667
st_s002,st_s002,7,2015,2015,68.6937602052197,-131.64161998437,2015-07-16,2,354,636,709,947,297,3,199.079524586289,190,"Affected, Post-slump",2015.5397260274,2015.5
st_s002,st_s002,7,2016,2015,68.6937602052197,-131.64161998437,2016-07-02,14,365,603,690,648,300,3,94.9701797086893,180,"Affected, Post-slump",2016.50410958904,2016.5
st_s002,st_s002,6,2017,2015,68.6937602052197,-131.64161998437,2017-06-03,8,121,194,273,138,287,3,111.937104883843,150,"Affected, Post-slump",2017.42191780822,2017.5
st_s002,st_s002,6,2017,2015,68.6937602052197,-131.64161998437,2017-06-19,5,137,231,284,224,297,3,64.3654092037884,170,"Affected, Post-slump",2017.46575342466,2017.5
st_s002,st_s002,7,2017,2015,68.6937602052197,-131.64161998437,2017-07-05,14,276,462,541,469,294,3,88.2109221108231,180,"Affected, Post-slump",2017.5095890411,2017.5
st_s002,st_s002,6,2018,2015,68.6937602052197,-131.64161998437,2018-06-22,5,179,270,326,303,299,3,79.3299618429862,170,"Affected, Post-slump",2018.47397260274,2018.5
st_s002,st_s002,7,2018,2015,68.6937602052197,-131.64161998437,2018-07-24,3,312,595,646,1047,294,3,206.835618459657,200,"Affected, Post-slump",2018.56164383562,2018.5
st_s002,st_s002,5,2019,2015,68.6937602052197,-131.64161998437,2019-05-24,21,316,486,615,620,290,3,265.989009216408,140,"Affected, Post-slump",2019.39452054795,2019.33333333333
st_s002,st_s002,6,2019,2015,68.6937602052197,-131.64161998437,2019-06-09,6,168,255,298,279,295,3,69.1317993923423,160,"Affected, Post-slump",2019.43835616438,2019.5
st_s002,st_s002,7,2019,2015,68.6937602052197,-131.64161998437,2019-07-27,12,411,672,742,826,295,3,122.126105090927,200,"Affected, Post-slump",2019.5698630137,2019.5
st_s002,st_s002,8,2019,2015,68.6937602052197,-131.64161998437,2019-08-12,3,400,686,599,842,281,3,74.0696665710513,220,"Affected, Post-slump",2019.61369863014,2019.66666666667
st_s002,st_s002,5,2020,2015,68.6937602052197,-131.64161998437,2020-05-26,3,541,796,859,1263,282,3,146.828625447855,140,"Affected, Post-slump",2020.40273972603,2020.33333333333
st_s002,st_s002,6,2021,2015,68.6937602052197,-131.64161998437,2021-06-14,5,103,227,287,245,293,3,96.4601407298041,160,"Affected, Post-slump",2021.45205479452,2021.5
st_s002,st_s002,7,2021,2015,68.6937602052197,-131.64161998437,2021-07-16,11,267,463,537,605,294,3,162.582608815231,190,"Affected, Post-slump",2021.5397260274,2021.5
st_s002,st_s002,6,2022,2015,68.6937602052197,-131.64161998437,2022-06-01,5,267,466,601,595,285,3,249.600397381909,150,"Affected, Post-slump",2022.41643835616,2022.5
st_s002,st_s002,7,2022,2015,68.6937602052197,-131.64161998437,2022-07-03,9,186,307,355,352,301,3,87.7672307826904,180,"Affected, Post-slump",2022.50410958904,2022.5
st_s002,st_s002,8,2022,2015,68.6937602052197,-131.64161998437,2022-08-04,10,210,399,486,412,298,3,87.9965651372086,210,"Affected, Post-slump",2022.59178082192,2022.66666666667
st_s002,st_s002,6,2023,2015,68.6937602052197,-131.64161998437,2023-06-04,10,186,304,380,278,296,3,95.3638789859256,150,"Affected, Post-slump",2023.42465753425,2023.5
st_s002,st_s002,7,2023,2015,68.6937602052197,-131.64161998437,2023-07-22,9,297,499,529,623,302,3,87.8425325032707,200,"Affected, Post-slump",2023.55616438356,2023.5
st_s002,st_s002,7,2022,2015,68.6937602052197,-131.64161998437,2022-07-06,3,309,606,554,938,302,3,103.001527468534,180,"Affected, Post-slump",2022.51232876712,2022.5
st_s002,st_s002,5,2023,2015,68.6937602052197,-131.64161998437,2023-05-22,4,308,460,553,585,292,3,135.552135019966,140,"Affected, Post-slump",2023.38904109589,2023.33333333333
st_s002,st_s002,6,2023,2015,68.6937602052197,-131.64161998437,2023-06-07,2,127,262,281,289,296,3,65.0554622753041,150,"Affected, Post-slump",2023.43287671233,2023.5
st_s002,st_s002,7,2023,2015,68.6937602052197,-131.64161998437,2023-07-09,7,350,588,615,658,301,3,75.6727117217209,190,"Affected, Post-slump",2023.52054794521,2023.5
st_s002,st_s002,7,2023,2015,68.6937602052197,-131.64161998437,2023-07-25,2,370,708,707,676,305,3,63.0809154737918,200,"Affected, Post-slump",2023.56438356164,2023.5
st_s002,st_s002,7,2024,2015,68.6937602052197,-131.64161998437,2024-07-11,11,190,326,391,574,296,3,200.642940836666,190,"Affected, Post-slump",2024.52876712329,2024.5
st_s002,st_s002,8,2022,2015,68.6937602052197,-131.64161998437,2022-08-30,12,192,379,474,445,289,3,122.18182555523,240,"Affected, Post-slump",2022.66301369863,2022.66666666667
st_s002,st_s002,5,2023,2015,68.6937602052197,-131.64161998437,2023-05-29,6,165,274,359,250,294,3,143.616612182145,140,"Affected, Post-slump",2023.40821917808,2023.33333333333
st_s002,st_s002,6,2023,2015,68.6937602052197,-131.64161998437,2023-06-30,7,152,312,377,345,306,3,93.6274449493713,180,"Affected, Post-slump",2023.49589041096,2023.5
st_s002,st_s002,6,2024,2015,68.6937602052197,-131.64161998437,2024-06-16,16,220,372,456,337,294,3,115.936914316973,160,"Affected, Post-slump",2024.4602739726,2024.5
st_s002,st_s002,5,2023,2015,68.6937602052197,-131.64161998437,2023-05-20,14,201,339,423,388,288,3,147.909049855801,140,"Affected, Post-slump",2023.38356164384,2023.33333333333
st_s002,st_s002,6,2024,2015,68.6937602052197,-131.64161998437,2024-06-23,9,149,267,323,275,294,3,84.6403015993428,170,"Affected, Post-slump",2024.47945205479,2024.5
st_s002,st_s002,8,2022,2015,68.6937602052197,-131.64161998437,2022-08-05,13,246,456,551,495,299,3,116.061319452948,210,"Affected, Post-slump",2022.59452054795,2022.66666666667
st_s002,st_s002,5,2023,2015,68.6937602052197,-131.64161998437,2023-05-20,15,203,325,421,427,287,3,214.823208581696,140,"Affected, Post-slump",2023.38356164384,2023.33333333333
st_s002,st_s002,6,2023,2015,68.6937602052197,-131.64161998437,2023-06-21,3,158,238,271,156,295,3,58.9765695071268,170,"Affected, Post-slump",2023.47123287671,2023.5
st_s002,st_s002,7,2023,2015,68.6937602052197,-131.64161998437,2023-07-23,2,449,780,821,846,300,3,97.092760866413,200,"Affected, Post-slump",2023.55890410959,2023.5
st_s002,st_s002,6,2024,2015,68.6937602052197,-131.64161998437,2024-06-23,11,161,275,328,278,294,3,80.6978869173701,170,"Affected, Post-slump",2024.47945205479,2024.5
st_s002,st_s002,8,2022,2015,68.6937602052197,-131.64161998437,2022-08-12,19,356,652,729,818,296,3,139.261406709102,220,"Affected, Post-slump",2022.61369863014,2022.66666666667
st_s002,st_s002,6,2023,2015,68.6937602052197,-131.64161998437,2023-06-12,3,121,215,276,110,295,3,75.7136555605477,160,"Affected, Post-slump",2023.44657534247,2023.5
st_s002,st_s002,7,2023,2015,68.6937602052197,-131.64161998437,2023-07-30,2,363,668,607,878,301,3,72.6159079169795,210,"Affected, Post-slump",2023.57808219178,2023.5
st_s002,st_s002,5,2024,2015,68.6937602052197,-131.64161998437,2024-05-29,4,337,581,702,941,284,3,279.134831637343,150,"Affected, Post-slump",2024.41095890411,2024.33333333333
st_s002,st_s002,6,2024,2015,68.6937602052197,-131.64161998437,2024-06-14,17,241,405,512,380,290,3,134.251193512825,160,"Affected, Post-slump",2024.45479452055,2024.5
st_s002,st_s002,8,2022,2015,68.6937602052197,-131.64161998437,2022-08-12,18,391,669,743,783,295,3,132.897553571504,220,"Affected, Post-slump",2022.61369863014,2022.66666666667
st_s002,st_s002,7,2023,2015,68.6937602052197,-131.64161998437,2023-07-30,2,355,613,543,998,302,3,76.9776366521641,210,"Affected, Post-slump",2023.57808219178,2023.5
st_s002,st_s002,5,2024,2015,68.6937602052197,-131.64161998437,2024-05-29,3,324,582,701,773,285,3,251.940708980617,150,"Affected, Post-slump",2024.41095890411,2024.33333333333
st_s002,st_s002,6,2024,2015,68.6937602052197,-131.64161998437,2024-06-14,17,263,413,515,377,290,3,132.939323178518,160,"Affected, Post-slump",2024.45479452055,2024.5
