site_no,station_nm,Latitude,Longitude,year,SSC_mgL
st_s001,st_s001,68.1985002051985,-156.114299984688,2008,176.012397383369
st_s001,st_s001,68.1985002051985,-156.114299984688,2009,143.80527211014
st_s001,st_s001,68.1985002051985,-156.114299984688,2011,195.115907174257
st_s001,st_s001,68.1985002051985,-156.114299984688,1986,131.383791255724
st_s001,st_s001,68.1985002051985,-156.114299984688,1995,296.320102851553
st_s001,st_s001,68.1985002051985,-156.114299984688,2007,97.2558019375784
st_s001,st_s001,68.1985002051985,-156.114299984688,2005,161.750598896027
st_s001,st_s001,68.1985002051985,-156.114299984688,2006,154.483130743144
st_s001,st_s001,68.1985002051985,-156.114299984688,2021,140.572407496456
st_s001,st_s001,68.1985002051985,-156.114299984688,2000,102.494288081285
st_s001,st_s001,68.1985002051985,-156.114299984688,2001,192.289250851152
st_s001,st_s001,68.1985002051985,-156.114299984688,2002,125.401995566073
st_s001,st_s001,68.1985002051985,-156.114299984688,2003,142.067843154597
st_s001,st_s001,68.1985002051985,-156.114299984688,2004,232.667277947416
st_s001,st_s001,68.1985002051985,-156.114299984688,2010,88.9420218977448
st_s001,st_s001,68.1985002051985,-156.114299984688,2015,128.394561370493
st_s001,st_s001,68.1985002051985,-156.114299984688,2016,118.358337092046
st_s001,st_s001,68.1985002051985,-156.114299984688,2017,124.247259377501
st_s001,st_s001,68.1985002051985,-156.114299984688,2018,165.80947589528
st_s001,st_s001,68.1985002051985,-156.114299984688,2019,106.258896145064
st_s001,st_s001,68.1985002051985,-156.114299984688,2020,127.120744732396
st_s001,st_s001,68.1985002051985,-156.114299984688,2023,141.250806285846
st_s001,st_s001,68.1985002051985,-156.114299984688,2013,156.597268608494
st_s001,st_s001,68.1985002051985,-156.114299984688,2014,152.041915970553
st_s001,st_s001,68.1985002051985,-156.114299984688,2022,107.166108634901
st_s001,st_s001,68.1985002051985,-156.114299984688,2012,491.286378390715
st_s001,st_s001,68.1985002051985,-156.114299984688,2024,82.3026154426133
st_s001_ref,st_s001_ref,68.1874202051876,-156.065769984692,1995,39.3667999193235
st_s001_ref,st_s001_ref,68.1874202051876,-156.065769984692,2006,66.9036524683211
st_s001_ref,st_s001_ref,68.1874202051876,-156.065769984692,2008,76.357391753621
st_s001_ref,st_s001_ref,68.1874202051876,-156.065769984692,2009,55.716396823993
st_s001_ref,st_s001_ref,68.1874202051876,-156.065769984692,2011,65.2824614694365
st_s001_ref,st_s001_ref,68.1874202051876,-156.065769984692,1986,34.0298446242794
st_s001_ref,st_s001_ref,68.1874202051876,-156.065769984692,2005,41.5111451571424
st_s001_ref,st_s001_ref,68.1874202051876,-156.065769984692,2007,32.4801056260458
st_s001_ref,st_s001_ref,68.1874202051876,-156.065769984692,2010,55.5842455082668
st_s001_ref,st_s001_ref,68.1874202051876,-156.065769984692,2021,35.4093337043578
st_s001_ref,st_s001_ref,68.1874202051876,-156.065769984692,2022,61.388264743861
st_s001_ref,st_s001_ref,68.1874202051876,-156.065769984692,2000,37.9372887311476
st_s001_ref,st_s001_ref,68.1874202051876,-156.065769984692,2001,78.3352554876395
st_s001_ref,st_s001_ref,68.1874202051876,-156.065769984692,2002,59.7809849336398
st_s001_ref,st_s001_ref,68.1874202051876,-156.065769984692,2003,23.9305237293193
st_s001_ref,st_s001_ref,68.1874202051876,-156.065769984692,2004,84.1363241233458
st_s001_ref,st_s001_ref,68.1874202051876,-156.065769984692,2013,24.2254237256637
st_s001_ref,st_s001_ref,68.1874202051876,-156.065769984692,2014,48.2076709335867
st_s001_ref,st_s001_ref,68.1874202051876,-156.065769984692,2015,52.2860444337027
st_s001_ref,st_s001_ref,68.1874202051876,-156.065769984692,2016,54.6900372015655
st_s001_ref,st_s001_ref,68.1874202051876,-156.065769984692,2017,44.4550543557993
st_s001_ref,st_s001_ref,68.1874202051876,-156.065769984692,2018,46.2118970563026
st_s001_ref,st_s001_ref,68.1874202051876,-156.065769984692,2019,62.0189552658331
st_s001_ref,st_s001_ref,68.1874202051876,-156.065769984692,2020,92.3989933667459
st_s001_ref,st_s001_ref,68.1874202051876,-156.065769984692,2023,92.1112340570373
st_s001_ref,st_s001_ref,68.1874202051876,-156.065769984692,1999,68.1693644857491
st_s001_ref,st_s001_ref,68.1874202051876,-156.065769984692,2012,70.4157545357172
st_s001_ref,st_s001_ref,68.1874202051876,-156.065769984692,2024,84.2992883487074
st_s002,st_s002,68.6937602052197,-131.64161998437,1985,49.5984940477143
st_s002,st_s002,68.6937602052197,-131.64161998437,1986,155.523959510353
st_s002,st_s002,68.6937602052197,-131.64161998437,1987,71.4369672201099
st_s002,st_s002,68.6937602052197,-131.64161998437,1988,45.8109178580624
st_s002,st_s002,68.6937602052197,-131.64161998437,1989,50.4036359462745
st_s002,st_s002,68.6937602052197,-131.64161998437,1990,23.9884612866671
st_s002,st_s002,68.6937602052197,-131.64161998437,1993,75.8173782539436
st_s002,st_s002,68.6937602052197,-131.64161998437,1994,77.7258722958199
st_s002,st_s002,68.6937602052197,-131.64161998437,1997,113.826863170633
st_s002,st_s002,68.6937602052197,-131.64161998437,1998,76.0036175654734
st_s002,st_s002,68.6937602052197,-131.64161998437,1999,63.9731121808941
st_s002,st_s002,68.6937602052197,-131.64161998437,2004,96.4790011284038
st_s002,st_s002,68.6937602052197,-131.64161998437,2006,159.000785344149
st_s002,st_s002,68.6937602052197,-131.64161998437,2009,123.82407727599
st_s002,st_s002,68.6937602052197,-131.64161998437,2011,94.7314891622751
st_s002,st_s002,68.6937602052197,-131.64161998437,1984,68.1484532045862
st_s002,st_s002,68.6937602052197,-131.64161998437,1991,33.2771430474057
st_s002,st_s002,68.6937602052197,-131.64161998437,1992,107.25704314643
st_s002,st_s002,68.6937602052197,-131.64161998437,1995,134.853958118106
st_s002,st_s002,68.6937602052197,-131.64161998437,2005,100.588017454715
st_s002,st_s002,68.6937602052197,-131.64161998437,2008,51.7317686742862
st_s002,st_s002,68.6937602052197,-131.64161998437,2010,121.700707753506
st_s002,st_s002,68.6937602052197,-131.64161998437,1996,76.9426443649903
st_s002,st_s002,68.6937602052197,-131.64161998437,2000,125.260391687414
st_s002,st_s002,68.6937602052197,-131.64161998437,2001,71.1055101113134
st_s002,st_s002,68.6937602052197,-131.64161998437,2012,234.134179016335
st_s002,st_s002,68.6937602052197,-131.64161998437,2014,185.265530485789
st_s002,st_s002,68.6937602052197,-131.64161998437,2016,191.3293202495
st_s002,st_s002,68.6937602052197,-131.64161998437,2017,143.134948484612
st_s002,st_s002,68.6937602052197,-131.64161998437,2019,137.388585053132
st_s002,st_s002,68.6937602052197,-131.64161998437,2021,159.559746081594
st_s002,st_s002,68.6937602052197,-131.64161998437,2022,150.905753950283
st_s002,st_s002,68.6937602052197,-131.64161998437,2023,126.820258525281
st_s002,st_s002,68.6937602052197,-131.64161998437,2007,42.1051914773677
st_s002,st_s002,68.6937602052197,-131.64161998437,2013,146.00263219546
st_s002,st_s002,68.6937602052197,-131.64161998437,2018,151.409552446336
st_s002,st_s002,68.6937602052197,-131.64161998437,2020,144.906925618474
st_s002,st_s002,68.6937602052197,-131.64161998437,2015,130.109035048147
st_s002,st_s002,68.6937602052197,-131.64161998437,2002,72.4450919515527
st_s002,st_s002,68.6937602052197,-131.64161998437,2003,37.5051744723725
st_s002,st_s002,68.6937602052197,-131.64161998437,2024,198.239320348166
st_s002_ref,st_s002_ref,68.5406702051966,-131.947049984511,1985,7.62912723497193
st_s002_ref,st_s002_ref,68.5406702051966,-131.947049984511,1986,22.7280616538425
st_s002_ref,st_s002_ref,68.5406702051966,-131.947049984511,1988,10.7689893927078
st_s002_ref,st_s002_ref,68.5406702051966,-131.947049984511,1989,12.318118452841
st_s002_ref,st_s002_ref,68.5406702051966,-131.947049984511,1990,13.602145395547
st_s002_ref,st_s002_ref,68.5406702051966,-131.947049984511,1991,12.9680682637482
st_s002_ref,st_s002_ref,68.5406702051966,-131.947049984511,1994,7.03637624139966
st_s002_ref,st_s002_ref,68.5406702051966,-131.947049984511,1998,7.69793323026016
st_s002_ref,st_s002_ref,68.5406702051966,-131.947049984511,1999,18.8052840324614
st_s002_ref,st_s002_ref,68.5406702051966,-131.947049984511,2004,116.948102333244
st_s002_ref,st_s002_ref,68.5406702051966,-131.947049984511,2005,9.81011329536545
st_s002_ref,st_s002_ref,68.5406702051966,-131.947049984511,2006,14.6235120055804
st_s002_ref,st_s002_ref,68.5406702051966,-131.947049984511,2007,13.7411871991386
st_s002_ref,st_s002_ref,68.5406702051966,-131.947049984511,2010,26.7074310237251
st_s002_ref,st_s002_ref,68.5406702051966,-131.947049984511,1987,11.5015620487939
st_s002_ref,st_s002_ref,68.5406702051966,-131.947049984511,1995,9.72678390777075
st_s002_ref,st_s002_ref,68.5406702051966,-131.947049984511,1996,18.5383429760528
st_s002_ref,st_s002_ref,68.5406702051966,-131.947049984511,2008,10.4049904155866
st_s002_ref,st_s002_ref,68.5406702051966,-131.947049984511,2009,15.7920236696454
st_s002_ref,st_s002_ref,68.5406702051966,-131.947049984511,2011,10.7362878436782
st_s002_ref,st_s002_ref,68.5406702051966,-131.947049984511,2003,7.70738215227263
st_s002_ref,st_s002_ref,68.5406702051966,-131.947049984511,2001,16.5835612972501
st_s002_ref,st_s002_ref,68.5406702051966,-131.947049984511,2002,19.1671963982614
st_s002_ref,st_s002_ref,68.5406702051966,-131.947049984511,2016,145.678484083546
st_s002_ref,st_s002_ref,68.5406702051966,-131.947049984511,2017,136.02314164541
st_s002_ref,st_s002_ref,68.5406702051966,-131.947049984511,2019,60.0921554559137
st_s002_ref,st_s002_ref,68.5406702051966,-131.947049984511,2020,70.2674790365201
st_s002_ref,st_s002_ref,68.5406702051966,-131.947049984511,2021,36.4850863286553
st_s002_ref,st_s002_ref,68.5406702051966,-131.947049984511,2022,93.8382066744422
st_s002_ref,st_s002_ref,68.5406702051966,-131.947049984511,2023,57.2648838084945
st_s002_ref,st_s002_ref,68.5406702051966,-131.947049984511,2000,8.93313417777317
st_s002_ref,st_s002_ref,68.5406702051966,-131.947049984511,2012,17.9042733547248
st_s002_ref,st_s002_ref,68.5406702051966,-131.947049984511,2013,28.0748957810859
st_s002_ref,st_s002_ref,68.5406702051966,-131.947049984511,2014,42.3313831066019
st_s002_ref,st_s002_ref,68.5406702051966,-131.947049984511,2015,42.8420979999272
st_s002_ref,st_s002_ref,68.5406702051966,-131.947049984511,2018,52.643427828619
st_s002_ref,st_s002_ref,68.5406702051966,-131.947049984511,2024,50.5127550637198
st_s003,st_s003,68.3782602051642,-122.500239984592,1984,37.0906451546096
st_s003,st_s003,68.3782602051642,-122.500239984592,1985,17.8567966859994
st_s003,st_s003,68.3782602051642,-122.500239984592,1986,24.1780930197342
st_s003,st_s003,68.3782602051642,-122.500239984592,1987,17.4416184220479
st_s003,st_s003,68.3782602051642,-122.500239984592,1988,15.8108544796686
st_s003,st_s003,68.3782602051642,-122.500239984592,1989,24.402907197659
st_s003,st_s003,68.3782602051642,-122.500239984592,1990,44.8723324461054
st_s003,st_s003,68.3782602051642,-122.500239984592,1992,32.4861296427579
st_s003,st_s003,68.3782602051642,-122.500239984592,1996,16.5242550855604
st_s003,st_s003,68.3782602051642,-122.500239984592,1997,21.7601293841971
st_s003,st_s003,68.3782602051642,-122.500239984592,1998,18.0643349897076
st_s003,st_s003,68.3782602051642,-122.500239984592,1999,18.6975711470185
st_s003,st_s003,68.3782602051642,-122.500239984592,2003,9.00854285600214
st_s003,st_s003,68.3782602051642,-122.500239984592,2004,29.9939377445876
st_s003,st_s003,68.3782602051642,-122.500239984592,2006,12.6806619368995
st_s003,st_s003,68.3782602051642,-122.500239984592,2007,12.0025699042733
st_s003,st_s003,68.3782602051642,-122.500239984592,2009,16.1928192976907
st_s003,st_s003,68.3782602051642,-122.500239984592,2010,24.7540863948318
st_s003,st_s003,68.3782602051642,-122.500239984592,2011,11.1460189357632
st_s003,st_s003,68.3782602051642,-122.500239984592,1993,23.9818136347264
st_s003,st_s003,68.3782602051642,-122.500239984592,1994,25.4099256406665
st_s003,st_s003,68.3782602051642,-122.500239984592,2005,20.5911308831088
st_s003,st_s003,68.3782602051642,-122.500239984592,2008,31.9666153892774
st_s003,st_s003,68.3782602051642,-122.500239984592,1991,12.013739398531
st_s003,st_s003,68.3782602051642,-122.500239984592,1995,43.9151553645217
st_s003,st_s003,68.3782602051642,-122.500239984592,2022,34.6959878481132
st_s003,st_s003,68.3782602051642,-122.500239984592,2000,33.1877024980236
st_s003,st_s003,68.3782602051642,-122.500239984592,2012,25.4230687987388
st_s003,st_s003,68.3782602051642,-122.500239984592,2014,28.2541588632055
st_s003,st_s003,68.3782602051642,-122.500239984592,2020,59.1684037692681
st_s003,st_s003,68.3782602051642,-122.500239984592,2023,34.5707648971318
st_s003,st_s003,68.3782602051642,-122.500239984592,2001,22.2412739888179
st_s003,st_s003,68.3782602051642,-122.500239984592,2013,29.3521877179155
st_s003,st_s003,68.3782602051642,-122.500239984592,2015,111.539692282003
st_s003,st_s003,68.3782602051642,-122.500239984592,2016,25.1906883197369
st_s003,st_s003,68.3782602051642,-122.500239984592,2017,48.5476083865006
st_s003,st_s003,68.3782602051642,-122.500239984592,2018,53.8195498627806
st_s003,st_s003,68.3782602051642,-122.500239984592,2019,38.9952555147085
st_s003,st_s003,68.3782602051642,-122.500239984592,2021,27.0642740585974
st_s003,st_s003,68.3782602051642,-122.500239984592,2002,54.0809271429487
st_s003,st_s003,68.3782602051642,-122.500239984592,2024,34.2891624536983
st_s003_ref,st_s003_ref,68.3153902052157,-122.542059984485,1984,114.655436539093
st_s003_ref,st_s003_ref,68.3153902052157,-122.542059984485,1997,98.2348929761858
st_s003_ref,st_s003_ref,68.3153902052157,-122.542059984485,2003,85.963480504492
st_s003_ref,st_s003_ref,68.3153902052157,-122.542059984485,2011,126.741072347624
st_s003_ref,st_s003_ref,68.3153902052157,-122.542059984485,2009,57.5835182872898
st_s003_ref,st_s003_ref,68.3153902052157,-122.542059984485,2005,63.5953594532051
st_s003_ref,st_s003_ref,68.3153902052157,-122.542059984485,2012,5.67894266781909
st_s003_ref,st_s003_ref,68.3153902052157,-122.542059984485,2014,334.756811783071
st_s003_ref,st_s003_ref,68.3153902052157,-122.542059984485,2000,353.604629899461
st_s003_ref,st_s003_ref,68.3153902052157,-122.542059984485,2001,422.013562590762
st_s003_ref,st_s003_ref,68.3153902052157,-122.542059984485,2020,197.501565068333
st_s003_ref,st_s003_ref,68.3153902052157,-122.542059984485,2023,64.1109260699356
st_s003_ref,st_s003_ref,68.3153902052157,-122.542059984485,2017,181.880483272444
st_s003_ref,st_s003_ref,68.3153902052157,-122.542059984485,2021,347.373222543751
st_s003_ref,st_s003_ref,68.3153902052157,-122.542059984485,2018,272.867044634636
st_s003_ref,st_s003_ref,68.3153902052157,-122.542059984485,2019,314.061525919037
st_s003_ref,st_s003_ref,68.3153902052157,-122.542059984485,2024,371.106361075108
st_s004,st_s004,67.9419572050712,-161.099034984902,1986,11.2454994666233
st_s004,st_s004,67.9419572050712,-161.099034984902,2005,49.1317158232559
st_s004,st_s004,67.9419572050712,-161.099034984902,2006,20.0357947006521
st_s004,st_s004,67.9419572050712,-161.099034984902,2007,31.266678661508
st_s004,st_s004,67.9419572050712,-161.099034984902,2009,42.3181158274784
st_s004,st_s004,67.9419572050712,-161.099034984902,2008,23.4073194079187
st_s004,st_s004,67.9419572050712,-161.099034984902,2010,48.4903171544479
st_s004,st_s004,67.9419572050712,-161.099034984902,1990,10.7061081870894
st_s004,st_s004,67.9419572050712,-161.099034984902,1995,15.2503691296015
st_s004,st_s004,67.9419572050712,-161.099034984902,2023,50.8997526920128
st_s004,st_s004,67.9419572050712,-161.099034984902,1999,10.6143816993155
st_s004,st_s004,67.9419572050712,-161.099034984902,2000,41.0336921950994
st_s004,st_s004,67.9419572050712,-161.099034984902,2001,40.4290054473492
st_s004,st_s004,67.9419572050712,-161.099034984902,2002,33.7203054906536
st_s004,st_s004,67.9419572050712,-161.099034984902,2003,35.3595119097103
st_s004,st_s004,67.9419572050712,-161.099034984902,2004,33.378381643061
st_s004,st_s004,67.9419572050712,-161.099034984902,2011,53.8824103123384
st_s004,st_s004,67.9419572050712,-161.099034984902,2012,19.4548755260248
st_s004,st_s004,67.9419572050712,-161.099034984902,2013,45.0637220209034
st_s004,st_s004,67.9419572050712,-161.099034984902,2014,31.582872770395
st_s004,st_s004,67.9419572050712,-161.099034984902,2015,26.3702023719873
st_s004,st_s004,67.9419572050712,-161.099034984902,2016,29.7090403085161
st_s004,st_s004,67.9419572050712,-161.099034984902,2018,49.8278053058782
st_s004,st_s004,67.9419572050712,-161.099034984902,2019,42.3305057288011
st_s004,st_s004,67.9419572050712,-161.099034984902,2020,65.5738522445381
st_s004,st_s004,67.9419572050712,-161.099034984902,2021,144.325218013733
st_s004,st_s004,67.9419572050712,-161.099034984902,2022,47.1724042835814
st_s004,st_s004,67.9419572050712,-161.099034984902,2017,59.4033889420085
st_s004,st_s004,67.9419572050712,-161.099034984902,2024,37.6514508361209
st_s004_ref,st_s004_ref,67.9298102052143,-161.034903984855,1986,34.0254879267861
st_s004_ref,st_s004_ref,67.9298102052143,-161.034903984855,2005,53.8408130369485
st_s004_ref,st_s004_ref,67.9298102052143,-161.034903984855,2006,22.358075293191
st_s004_ref,st_s004_ref,67.9298102052143,-161.034903984855,2007,42.3937730624631
st_s004_ref,st_s004_ref,67.9298102052143,-161.034903984855,2009,33.2020803904212
st_s004_ref,st_s004_ref,67.9298102052143,-161.034903984855,2011,30.2982754678959
st_s004_ref,st_s004_ref,67.9298102052143,-161.034903984855,2008,39.0865957880319
st_s004_ref,st_s004_ref,67.9298102052143,-161.034903984855,1990,29.6899060515156
st_s004_ref,st_s004_ref,67.9298102052143,-161.034903984855,1995,19.8338310510894
st_s004_ref,st_s004_ref,67.9298102052143,-161.034903984855,2021,36.6992347687268
st_s004_ref,st_s004_ref,67.9298102052143,-161.034903984855,2022,286.725803261648
st_s004_ref,st_s004_ref,67.9298102052143,-161.034903984855,2023,56.9640463359745
st_s004_ref,st_s004_ref,67.9298102052143,-161.034903984855,1999,19.3547817591545
st_s004_ref,st_s004_ref,67.9298102052143,-161.034903984855,2000,45.9772494854163
st_s004_ref,st_s004_ref,67.9298102052143,-161.034903984855,2001,58.9990879555258
st_s004_ref,st_s004_ref,67.9298102052143,-161.034903984855,2002,47.0517795717969
st_s004_ref,st_s004_ref,67.9298102052143,-161.034903984855,2003,49.2858584836863
st_s004_ref,st_s004_ref,67.9298102052143,-161.034903984855,2004,30.0599035364626
st_s004_ref,st_s004_ref,67.9298102052143,-161.034903984855,2010,40.4292067456108
st_s004_ref,st_s004_ref,67.9298102052143,-161.034903984855,2012,46.1653121705372
st_s004_ref,st_s004_ref,67.9298102052143,-161.034903984855,2013,46.7182422135326
st_s004_ref,st_s004_ref,67.9298102052143,-161.034903984855,2014,30.7509040533518
st_s004_ref,st_s004_ref,67.9298102052143,-161.034903984855,2015,98.8238516731172
st_s004_ref,st_s004_ref,67.9298102052143,-161.034903984855,2016,35.0610644859559
st_s004_ref,st_s004_ref,67.9298102052143,-161.034903984855,2017,65.9316600826353
st_s004_ref,st_s004_ref,67.9298102052143,-161.034903984855,2018,39.3252525734464
st_s004_ref,st_s004_ref,67.9298102052143,-161.034903984855,2019,33.685308882353
st_s004_ref,st_s004_ref,67.9298102052143,-161.034903984855,2020,39.3947343223122
st_s004_ref,st_s004_ref,67.9298102052143,-161.034903984855,2024,32.3065942606414
st_s005,st_s005,68.4250902052181,-132.203189984386,1986,11.0577944556217
st_s005,st_s005,68.4250902052181,-132.203189984386,1990,9.8639592429263
st_s005,st_s005,68.4250902052181,-132.203189984386,1988,13.8909687776738
st_s005,st_s005,68.4250902052181,-132.203189984386,1994,16.4258016900138
st_s005,st_s005,68.4250902052181,-132.203189984386,1996,8.72252651532933
st_s005,st_s005,68.4250902052181,-132.203189984386,1998,8.82862570191118
st_s005,st_s005,68.4250902052181,-132.203189984386,2007,11.063509514539
st_s005,st_s005,68.4250902052181,-132.203189984386,1992,13.6169998890951
st_s005,st_s005,68.4250902052181,-132.203189984386,1997,17.0361673185953
st_s005,st_s005,68.4250902052181,-132.203189984386,2004,13.6342654953162
st_s005,st_s005,68.4250902052181,-132.203189984386,2005,25.1517826069837
st_s005,st_s005,68.4250902052181,-132.203189984386,2008,7.51721694468904
st_s005,st_s005,68.4250902052181,-132.203189984386,2011,11.3478667940974
st_s005,st_s005,68.4250902052181,-132.203189984386,2009,12.7192238242387
st_s005,st_s005,68.4250902052181,-132.203189984386,2010,4.23002118338642
st_s005,st_s005,68.4250902052181,-132.203189984386,2015,249.251004459512
st_s005,st_s005,68.4250902052181,-132.203189984386,2016,98.0099225606443
st_s005,st_s005,68.4250902052181,-132.203189984386,2019,49.2584943209342
st_s005,st_s005,68.4250902052181,-132.203189984386,2021,37.7751186046449
st_s005,st_s005,68.4250902052181,-132.203189984386,2022,35.9388565230521
st_s005,st_s005,68.4250902052181,-132.203189984386,2023,40.4139035665986
st_s005,st_s005,68.4250902052181,-132.203189984386,2013,51.2881017226023
st_s005,st_s005,68.4250902052181,-132.203189984386,2014,15.4920073172772
st_s005,st_s005,68.4250902052181,-132.203189984386,2020,44.562196005026
st_s005,st_s005,68.4250902052181,-132.203189984386,2001,5.25382245861964
st_s005,st_s005,68.4250902052181,-132.203189984386,2018,33.502015476547
st_s005,st_s005,68.4250902052181,-132.203189984386,2006,4.06689957977591
st_s005,st_s005,68.4250902052181,-132.203189984386,2024,59.9440136042535
st_s005,st_s005,68.4250902052181,-132.203189984386,2017,46.3010474299257
st_s005_ref,st_s005_ref,68.3826302051437,-132.325509984632,1999,8.41469369079908
st_s005_ref,st_s005_ref,68.3826302051437,-132.325509984632,1987,11.9391339817578
st_s005_ref,st_s005_ref,68.3826302051437,-132.325509984632,1998,15.3876833365111
st_s005_ref,st_s005_ref,68.3826302051437,-132.325509984632,2011,14.5491031004021
st_s005_ref,st_s005_ref,68.3826302051437,-132.325509984632,1986,16.0860923146597
st_s005_ref,st_s005_ref,68.3826302051437,-132.325509984632,2010,7.42172802724333
st_s005_ref,st_s005_ref,68.3826302051437,-132.325509984632,1993,19.3560363229398
st_s005_ref,st_s005_ref,68.3826302051437,-132.325509984632,2008,16.8147498027332
st_s005_ref,st_s005_ref,68.3826302051437,-132.325509984632,2013,6.76187301377373
st_s005_ref,st_s005_ref,68.3826302051437,-132.325509984632,2017,44.7794504761465
st_s005_ref,st_s005_ref,68.3826302051437,-132.325509984632,2020,5.64213977683479
st_s005_ref,st_s005_ref,68.3826302051437,-132.325509984632,2023,38.6543793234121
st_s005_ref,st_s005_ref,68.3826302051437,-132.325509984632,2000,17.4883195900619
st_s005_ref,st_s005_ref,68.3826302051437,-132.325509984632,2012,14.688108018612
st_s005_ref,st_s005_ref,68.3826302051437,-132.325509984632,2019,10.3694918519925
st_s005_ref,st_s005_ref,68.3826302051437,-132.325509984632,2021,25.5847274202731
st_s005_ref,st_s005_ref,68.3826302051437,-132.325509984632,2024,58.7836292034564
st_s005_ref,st_s005_ref,68.3826302051437,-132.325509984632,2015,43.7508731055255
st_s008,st_s008,63.6694402051841,-124.039209987153,1984,536.546176017733
st_s008,st_s008,63.6694402051841,-124.039209987153,1985,238.688631900073
st_s008,st_s008,63.6694402051841,-124.039209987153,1986,352.529696837544
st_s008,st_s008,63.6694402051841,-124.039209987153,1988,331.760065170496
st_s008,st_s008,63.6694402051841,-124.039209987153,1989,307.106608354981
st_s008,st_s008,63.6694402051841,-124.039209987153,1990,339.764550639225
st_s008,st_s008,63.6694402051841,-124.039209987153,1991,396.636715831905
st_s008,st_s008,63.6694402051841,-124.039209987153,1992,506.882618912943
st_s008,st_s008,63.6694402051841,-124.039209987153,1993,330.038027344634
st_s008,st_s008,63.6694402051841,-124.039209987153,1994,312.158368616661
st_s008,st_s008,63.6694402051841,-124.039209987153,1995,485.068993165939
st_s008,st_s008,63.6694402051841,-124.039209987153,1998,270.19258153561
st_s008,st_s008,63.6694402051841,-124.039209987153,2003,461.414812314069
st_s008,st_s008,63.6694402051841,-124.039209987153,2005,477.894366388218
st_s008,st_s008,63.6694402051841,-124.039209987153,2006,420.718122448371
st_s008,st_s008,63.6694402051841,-124.039209987153,2007,252.050488926927
st_s008,st_s008,63.6694402051841,-124.039209987153,2008,319.795703708174
st_s008,st_s008,63.6694402051841,-124.039209987153,2009,526.28953468259
st_s008,st_s008,63.6694402051841,-124.039209987153,2011,513.492855736723
st_s008,st_s008,63.6694402051841,-124.039209987153,1987,182.789785208682
st_s008,st_s008,63.6694402051841,-124.039209987153,1996,757.10753481342
st_s008,st_s008,63.6694402051841,-124.039209987153,1997,367.734233730536
st_s008,st_s008,63.6694402051841,-124.039209987153,1999,679.391409780027
st_s008,st_s008,63.6694402051841,-124.039209987153,2004,555.097410915216
st_s008,st_s008,63.6694402051841,-124.039209987153,2010,331.121764868362
st_s008,st_s008,63.6694402051841,-124.039209987153,2022,933.504020432779
st_s008,st_s008,63.6694402051841,-124.039209987153,2023,1247.61250895403
st_s008,st_s008,63.6694402051841,-124.039209987153,2000,423.900114057857
st_s008,st_s008,63.6694402051841,-124.039209987153,2001,424.956690694437
st_s008,st_s008,63.6694402051841,-124.039209987153,2002,454.63246455281
st_s008,st_s008,63.6694402051841,-124.039209987153,2012,755.819702267192
st_s008,st_s008,63.6694402051841,-124.039209987153,2013,390.867625499439
st_s008,st_s008,63.6694402051841,-124.039209987153,2014,469.524864081721
st_s008,st_s008,63.6694402051841,-124.039209987153,2015,393.618155210207
st_s008,st_s008,63.6694402051841,-124.039209987153,2016,305.499967565737
st_s008,st_s008,63.6694402051841,-124.039209987153,2017,731.381279646854
st_s008,st_s008,63.6694402051841,-124.039209987153,2019,1583.73079420292
st_s008,st_s008,63.6694402051841,-124.039209987153,2020,1358.93612960863
st_s008,st_s008,63.6694402051841,-124.039209987153,2021,1108.03442974637
st_s008,st_s008,63.6694402051841,-124.039209987153,2018,2047.84298880988
st_s008,st_s008,63.6694402051841,-124.039209987153,2024,1349.03650722628
st_s008_ref,st_s008_ref,63.5575502052326,-124.154949987235,1984,353.732090340351
st_s008_ref,st_s008_ref,63.5575502052326,-124.154949987235,1985,193.927602221004
st_s008_ref,st_s008_ref,63.5575502052326,-124.154949987235,1986,257.131167962069
st_s008_ref,st_s008_ref,63.5575502052326,-124.154949987235,1988,261.260990243081
st_s008_ref,st_s008_ref,63.5575502052326,-124.154949987235,1989,204.497458163455
st_s008_ref,st_s008_ref,63.5575502052326,-124.154949987235,1990,296.451833170463
st_s008_ref,st_s008_ref,63.5575502052326,-124.154949987235,1991,267.23504661825
st_s008_ref,st_s008_ref,63.5575502052326,-124.154949987235,1992,327.471914967451
st_s008_ref,st_s008_ref,63.5575502052326,-124.154949987235,1993,260.799514357548
st_s008_ref,st_s008_ref,63.5575502052326,-124.154949987235,1994,270.49929765843
st_s008_ref,st_s008_ref,63.5575502052326,-124.154949987235,1995,461.464018241677
st_s008_ref,st_s008_ref,63.5575502052326,-124.154949987235,1999,322.109830024454
st_s008_ref,st_s008_ref,63.5575502052326,-124.154949987235,2003,325.398169845055
st_s008_ref,st_s008_ref,63.5575502052326,-124.154949987235,2005,266.203326314004
st_s008_ref,st_s008_ref,63.5575502052326,-124.154949987235,2006,236.681989915318
st_s008_ref,st_s008_ref,63.5575502052326,-124.154949987235,2007,149.354668093766
st_s008_ref,st_s008_ref,63.5575502052326,-124.154949987235,2008,356.124244426802
st_s008_ref,st_s008_ref,63.5575502052326,-124.154949987235,2009,222.520810571887
st_s008_ref,st_s008_ref,63.5575502052326,-124.154949987235,2010,249.385934353378
st_s008_ref,st_s008_ref,63.5575502052326,-124.154949987235,2011,305.920008976
st_s008_ref,st_s008_ref,63.5575502052326,-124.154949987235,1987,106.671482212188
st_s008_ref,st_s008_ref,63.5575502052326,-124.154949987235,1996,305.678625496907
st_s008_ref,st_s008_ref,63.5575502052326,-124.154949987235,1997,227.859626695372
st_s008_ref,st_s008_ref,63.5575502052326,-124.154949987235,1998,156.610560171686
st_s008_ref,st_s008_ref,63.5575502052326,-124.154949987235,2004,333.504713141655
st_s008_ref,st_s008_ref,63.5575502052326,-124.154949987235,2000,397.915537728409
st_s008_ref,st_s008_ref,63.5575502052326,-124.154949987235,2001,277.736269657636
st_s008_ref,st_s008_ref,63.5575502052326,-124.154949987235,2002,332.068823546242
st_s008_ref,st_s008_ref,63.5575502052326,-124.154949987235,2012,289.996797867142
st_s008_ref,st_s008_ref,63.5575502052326,-124.154949987235,2013,306.628386018278
st_s008_ref,st_s008_ref,63.5575502052326,-124.154949987235,2014,457.431940721015
st_s008_ref,st_s008_ref,63.5575502052326,-124.154949987235,2015,304.831603076887
st_s008_ref,st_s008_ref,63.5575502052326,-124.154949987235,2016,252.60132093186
st_s008_ref,st_s008_ref,63.5575502052326,-124.154949987235,2017,432.67109562153
st_s008_ref,st_s008_ref,63.5575502052326,-124.154949987235,2018,300.255036882294
st_s008_ref,st_s008_ref,63.5575502052326,-124.154949987235,2020,314.971957440946
st_s008_ref,st_s008_ref,63.5575502052326,-124.154949987235,2021,243.846301485167
st_s008_ref,st_s008_ref,63.5575502052326,-124.154949987235,2022,239.135934731697
st_s008_ref,st_s008_ref,63.5575502052326,-124.154949987235,2023,201.922660811428
st_s008_ref,st_s008_ref,63.5575502052326,-124.154949987235,2019,308.557805012176
st_s008_ref,st_s008_ref,63.5575502052326,-124.154949987235,2024,288.670745821481
st_s009,st_s009,63.9490202052524,-124.124815486923,1995,124.958685279745
st_s009,st_s009,63.9490202052524,-124.124815486923,1985,97.3399538598004
st_s009,st_s009,63.9490202052524,-124.124815486923,1986,109.617198570542
st_s009,st_s009,63.9490202052524,-124.124815486923,1987,116.819609447227
st_s009,st_s009,63.9490202052524,-124.124815486923,1988,86.2249203172299
st_s009,st_s009,63.9490202052524,-124.124815486923,1990,85.2569226280528
st_s009,st_s009,63.9490202052524,-124.124815486923,1991,100.666542493318
st_s009,st_s009,63.9490202052524,-124.124815486923,1992,111.506093943386
st_s009,st_s009,63.9490202052524,-124.124815486923,1993,90.6975106074879
st_s009,st_s009,63.9490202052524,-124.124815486923,1994,86.7683753516331
st_s009,st_s009,63.9490202052524,-124.124815486923,1996,162.51913977614
st_s009,st_s009,63.9490202052524,-124.124815486923,1998,52.32138051955
st_s009,st_s009,63.9490202052524,-124.124815486923,1999,76.5403026135837
st_s009,st_s009,63.9490202052524,-124.124815486923,2003,125.607852436667
st_s009,st_s009,63.9490202052524,-124.124815486923,2004,107.986087970816
st_s009,st_s009,63.9490202052524,-124.124815486923,2005,100.277063882168
st_s009,st_s009,63.9490202052524,-124.124815486923,2006,109.070947700491
st_s009,st_s009,63.9490202052524,-124.124815486923,2007,116.881612784557
st_s009,st_s009,63.9490202052524,-124.124815486923,2008,170.070124188651
st_s009,st_s009,63.9490202052524,-124.124815486923,2009,299.220528852487
st_s009,st_s009,63.9490202052524,-124.124815486923,2010,93.0436937001572
st_s009,st_s009,63.9490202052524,-124.124815486923,2011,104.854806625281
st_s009,st_s009,63.9490202052524,-124.124815486923,1984,125.102518397058
st_s009,st_s009,63.9490202052524,-124.124815486923,1989,116.067746686344
st_s009,st_s009,63.9490202052524,-124.124815486923,1997,201.111483234901
st_s009,st_s009,63.9490202052524,-124.124815486923,2019,85.855054974648
st_s009,st_s009,63.9490202052524,-124.124815486923,2020,134.554175581896
st_s009,st_s009,63.9490202052524,-124.124815486923,2021,143.915252904686
st_s009,st_s009,63.9490202052524,-124.124815486923,2022,129.046222501382
st_s009,st_s009,63.9490202052524,-124.124815486923,2023,85.2209864158954
st_s009,st_s009,63.9490202052524,-124.124815486923,2000,88.4790351840801
st_s009,st_s009,63.9490202052524,-124.124815486923,2001,104.148213674319
st_s009,st_s009,63.9490202052524,-124.124815486923,2013,113.368340828878
st_s009,st_s009,63.9490202052524,-124.124815486923,2014,97.157531251622
st_s009,st_s009,63.9490202052524,-124.124815486923,2015,113.581434749916
st_s009,st_s009,63.9490202052524,-124.124815486923,2016,141.941686290387
st_s009,st_s009,63.9490202052524,-124.124815486923,2017,88.5470834397723
st_s009,st_s009,63.9490202052524,-124.124815486923,2018,149.374322268107
st_s009,st_s009,63.9490202052524,-124.124815486923,2002,114.29160365193
st_s009,st_s009,63.9490202052524,-124.124815486923,2012,134.085541974622
st_s009,st_s009,63.9490202052524,-124.124815486923,2024,116.656824305645
st_s009_ref,st_s009_ref,63.9311002051992,-124.085829987018,1986,36.5990970782973
st_s009_ref,st_s009_ref,63.9311002051992,-124.085829987018,1995,49.7952259025072
st_s009_ref,st_s009_ref,63.9311002051992,-124.085829987018,2008,21.5998472255411
st_s009_ref,st_s009_ref,63.9311002051992,-124.085829987018,1985,19.7414292056772
st_s009_ref,st_s009_ref,63.9311002051992,-124.085829987018,1987,9.75250898381204
st_s009_ref,st_s009_ref,63.9311002051992,-124.085829987018,1988,11.7750910260314
st_s009_ref,st_s009_ref,63.9311002051992,-124.085829987018,1990,19.9596736011614
st_s009_ref,st_s009_ref,63.9311002051992,-124.085829987018,1991,20.6168326360293
st_s009_ref,st_s009_ref,63.9311002051992,-124.085829987018,1992,46.4880035105821
st_s009_ref,st_s009_ref,63.9311002051992,-124.085829987018,1993,15.7792963090174
st_s009_ref,st_s009_ref,63.9311002051992,-124.085829987018,1994,25.7283649754885
st_s009_ref,st_s009_ref,63.9311002051992,-124.085829987018,1998,11.0390036379868
st_s009_ref,st_s009_ref,63.9311002051992,-124.085829987018,1999,14.4206857056396
st_s009_ref,st_s009_ref,63.9311002051992,-124.085829987018,2003,86.1193608435581
st_s009_ref,st_s009_ref,63.9311002051992,-124.085829987018,2004,12.7603804087976
st_s009_ref,st_s009_ref,63.9311002051992,-124.085829987018,2005,13.1934721210497
st_s009_ref,st_s009_ref,63.9311002051992,-124.085829987018,2006,22.5699365201053
st_s009_ref,st_s009_ref,63.9311002051992,-124.085829987018,2007,10.1343704031425
st_s009_ref,st_s009_ref,63.9311002051992,-124.085829987018,2009,10.6248937892858
st_s009_ref,st_s009_ref,63.9311002051992,-124.085829987018,2010,11.5514841660424
st_s009_ref,st_s009_ref,63.9311002051992,-124.085829987018,2011,13.0157820508077
st_s009_ref,st_s009_ref,63.9311002051992,-124.085829987018,1984,17.2164042591218
st_s009_ref,st_s009_ref,63.9311002051992,-124.085829987018,1989,18.0711020891283
st_s009_ref,st_s009_ref,63.9311002051992,-124.085829987018,1996,89.5260205700738
st_s009_ref,st_s009_ref,63.9311002051992,-124.085829987018,1997,69.8087830822516
st_s009_ref,st_s009_ref,63.9311002051992,-124.085829987018,2019,14.199055950628
st_s009_ref,st_s009_ref,63.9311002051992,-124.085829987018,2020,24.7542265558167
st_s009_ref,st_s009_ref,63.9311002051992,-124.085829987018,2022,84.068578238571
st_s009_ref,st_s009_ref,63.9311002051992,-124.085829987018,2023,44.1654878154926
st_s009_ref,st_s009_ref,63.9311002051992,-124.085829987018,2000,10.7567182864155
st_s009_ref,st_s009_ref,63.9311002051992,-124.085829987018,2001,10.0918640762058
st_s009_ref,st_s009_ref,63.9311002051992,-124.085829987018,2002,8.52045140289777
st_s009_ref,st_s009_ref,63.9311002051992,-124.085829987018,2012,25.6082265892992
st_s009_ref,st_s009_ref,63.9311002051992,-124.085829987018,2013,17.0916852410087
st_s009_ref,st_s009_ref,63.9311002051992,-124.085829987018,2014,30.9501526769534
st_s009_ref,st_s009_ref,63.9311002051992,-124.085829987018,2015,14.6955040546148
st_s009_ref,st_s009_ref,63.9311002051992,-124.085829987018,2016,31.6453314122131
st_s009_ref,st_s009_ref,63.9311002051992,-124.085829987018,2017,18.8715863382089
st_s009_ref,st_s009_ref,63.9311002051992,-124.085829987018,2018,12.9941541751839
st_s009_ref,st_s009_ref,63.9311002051992,-124.085829987018,2021,13.9294446361626
st_s009_ref,st_s009_ref,63.9311002051992,-124.085829987018,2024,17.2884621745972
st_s015,st_s015,68.9166136218429,-131.522804949654,1985,20.4861502271959
st_s015,st_s015,68.9166136218429,-131.522804949654,1986,24.1652501759823
st_s015,st_s015,68.9166136218429,-131.522804949654,1988,26.4980018159313
st_s015,st_s015,68.9166136218429,-131.522804949654,1989,20.3688802340177
st_s015,st_s015,68.9166136218429,-131.522804949654,1990,12.1087417248836
st_s015,st_s015,68.9166136218429,-131.522804949654,1991,6.77090509112929
st_s015,st_s015,68.9166136218429,-131.522804949654,1992,23.8348520050579
st_s015,st_s015,68.9166136218429,-131.522804949654,1993,27.0824180826583
st_s015,st_s015,68.9166136218429,-131.522804949654,1994,17.3403396831486
st_s015,st_s015,68.9166136218429,-131.522804949654,1995,21.672830651801
st_s015,st_s015,68.9166136218429,-131.522804949654,1998,23.8892098477595
st_s015,st_s015,68.9166136218429,-131.522804949654,1999,21.1194506084401
st_s015,st_s015,68.9166136218429,-131.522804949654,2003,13.2098411022093
st_s015,st_s015,68.9166136218429,-131.522804949654,2005,14.4586201619976
st_s015,st_s015,68.9166136218429,-131.522804949654,2006,29.33602961367
st_s015,st_s015,68.9166136218429,-131.522804949654,2007,24.5048881242207
st_s015,st_s015,68.9166136218429,-131.522804949654,2008,19.3115983300306
st_s015,st_s015,68.9166136218429,-131.522804949654,2009,24.3779645755123
st_s015,st_s015,68.9166136218429,-131.522804949654,2010,30.4361686915815
st_s015,st_s015,68.9166136218429,-131.522804949654,2011,38.4621630395631
st_s015,st_s015,68.9166136218429,-131.522804949654,1984,17.4057364986294
st_s015,st_s015,68.9166136218429,-131.522804949654,1987,48.7708834092415
st_s015,st_s015,68.9166136218429,-131.522804949654,1997,6.96764851885471
st_s015,st_s015,68.9166136218429,-131.522804949654,2004,26.8095536878905
st_s015,st_s015,68.9166136218429,-131.522804949654,1996,19.7307388524502
st_s015,st_s015,68.9166136218429,-131.522804949654,2001,22.1029695335962
st_s015,st_s015,68.9166136218429,-131.522804949654,2002,22.8068544227882
st_s015,st_s015,68.9166136218429,-131.522804949654,2013,82.1966971637618
st_s015,st_s015,68.9166136218429,-131.522804949654,2014,122.488262711575
st_s015,st_s015,68.9166136218429,-131.522804949654,2015,81.1397097650231
st_s015,st_s015,68.9166136218429,-131.522804949654,2016,218.961610077062
st_s015,st_s015,68.9166136218429,-131.522804949654,2017,100.608739441676
st_s015,st_s015,68.9166136218429,-131.522804949654,2019,167.336618169916
st_s015,st_s015,68.9166136218429,-131.522804949654,2020,106.070522255993
st_s015,st_s015,68.9166136218429,-131.522804949654,2021,100.070597307799
st_s015,st_s015,68.9166136218429,-131.522804949654,2022,127.364311566574
st_s015,st_s015,68.9166136218429,-131.522804949654,2023,121.308574388385
st_s015,st_s015,68.9166136218429,-131.522804949654,2000,34.5206181354722
st_s015,st_s015,68.9166136218429,-131.522804949654,2012,54.5074980087888
st_s015,st_s015,68.9166136218429,-131.522804949654,2018,241.115752142247
st_s015,st_s015,68.9166136218429,-131.522804949654,2024,128.550240815319
st_s015_ref,st_s015_ref,68.8683139661908,-131.567819940838,1985,16.7396577060239
st_s015_ref,st_s015_ref,68.8683139661908,-131.567819940838,1986,16.9239784841118
st_s015_ref,st_s015_ref,68.8683139661908,-131.567819940838,1988,16.3385744551357
st_s015_ref,st_s015_ref,68.8683139661908,-131.567819940838,1989,15.5666964444814
st_s015_ref,st_s015_ref,68.8683139661908,-131.567819940838,1990,8.9802333889893
st_s015_ref,st_s015_ref,68.8683139661908,-131.567819940838,1991,8.19370636436057
st_s015_ref,st_s015_ref,68.8683139661908,-131.567819940838,1992,25.2931174222317
st_s015_ref,st_s015_ref,68.8683139661908,-131.567819940838,1993,14.6587376444812
st_s015_ref,st_s015_ref,68.8683139661908,-131.567819940838,1994,13.7215653746
st_s015_ref,st_s015_ref,68.8683139661908,-131.567819940838,1995,15.0435453173928
st_s015_ref,st_s015_ref,68.8683139661908,-131.567819940838,1998,12.3585694525284
st_s015_ref,st_s015_ref,68.8683139661908,-131.567819940838,1999,17.3829668840423
st_s015_ref,st_s015_ref,68.8683139661908,-131.567819940838,2004,18.0148821522354
st_s015_ref,st_s015_ref,68.8683139661908,-131.567819940838,2006,28.420591032114
st_s015_ref,st_s015_ref,68.8683139661908,-131.567819940838,2007,48.4993323797378
st_s015_ref,st_s015_ref,68.8683139661908,-131.567819940838,2009,31.071185653007
st_s015_ref,st_s015_ref,68.8683139661908,-131.567819940838,2010,25.7564851695614
st_s015_ref,st_s015_ref,68.8683139661908,-131.567819940838,2011,26.9978253150249
st_s015_ref,st_s015_ref,68.8683139661908,-131.567819940838,1984,32.8823948597947
st_s015_ref,st_s015_ref,68.8683139661908,-131.567819940838,1987,35.2633364595967
st_s015_ref,st_s015_ref,68.8683139661908,-131.567819940838,1997,12.0740896181086
st_s015_ref,st_s015_ref,68.8683139661908,-131.567819940838,2003,30.0462986672381
st_s015_ref,st_s015_ref,68.8683139661908,-131.567819940838,2005,16.638286868312
st_s015_ref,st_s015_ref,68.8683139661908,-131.567819940838,2008,21.9960335353871
st_s015_ref,st_s015_ref,68.8683139661908,-131.567819940838,1996,10.9928113316712
st_s015_ref,st_s015_ref,68.8683139661908,-131.567819940838,2000,34.0344157998669
st_s015_ref,st_s015_ref,68.8683139661908,-131.567819940838,2001,10.4231242864242
st_s015_ref,st_s015_ref,68.8683139661908,-131.567819940838,2002,13.0177009582045
st_s015_ref,st_s015_ref,68.8683139661908,-131.567819940838,2012,48.9959727050789
st_s015_ref,st_s015_ref,68.8683139661908,-131.567819940838,2014,83.7375698606205
st_s015_ref,st_s015_ref,68.8683139661908,-131.567819940838,2015,70.962400043096
st_s015_ref,st_s015_ref,68.8683139661908,-131.567819940838,2016,153.123861050884
st_s015_ref,st_s015_ref,68.8683139661908,-131.567819940838,2017,88.8367101539222
st_s015_ref,st_s015_ref,68.8683139661908,-131.567819940838,2019,106.861305944058
st_s015_ref,st_s015_ref,68.8683139661908,-131.567819940838,2020,154.134796495575
st_s015_ref,st_s015_ref,68.8683139661908,-131.567819940838,2021,39.4265848940695
st_s015_ref,st_s015_ref,68.8683139661908,-131.567819940838,2022,149.043311313263
st_s015_ref,st_s015_ref,68.8683139661908,-131.567819940838,2023,41.7856742690664
st_s015_ref,st_s015_ref,68.8683139661908,-131.567819940838,2013,59.3582445729882
st_s015_ref,st_s015_ref,68.8683139661908,-131.567819940838,2018,470.090564317557
st_s015_ref,st_s015_ref,68.8683139661908,-131.567819940838,2024,59.2109837839169
st_s020,st_s020,68.9353635278609,-130.842238006087,1986,144.063143749452
st_s020,st_s020,68.9353635278609,-130.842238006087,1988,130.54325764778
st_s020,st_s020,68.9353635278609,-130.842238006087,1990,179.487834157149
st_s020,st_s020,68.9353635278609,-130.842238006087,1992,90.9857378728153
st_s020,st_s020,68.9353635278609,-130.842238006087,1993,94.1513510447055
st_s020,st_s020,68.9353635278609,-130.842238006087,1994,74.3534683979541
st_s020,st_s020,68.9353635278609,-130.842238006087,1997,93.308579959534
st_s020,st_s020,68.9353635278609,-130.842238006087,1998,54.5748619819318
st_s020,st_s020,68.9353635278609,-130.842238006087,1999,88.1176787691522
st_s020,st_s020,68.9353635278609,-130.842238006087,2004,102.323503864939
st_s020,st_s020,68.9353635278609,-130.842238006087,2005,67.6137645804415
st_s020,st_s020,68.9353635278609,-130.842238006087,2006,152.198411091923
st_s020,st_s020,68.9353635278609,-130.842238006087,2008,134.782179097204
st_s020,st_s020,68.9353635278609,-130.842238006087,2009,92.5007006711712
st_s020,st_s020,68.9353635278609,-130.842238006087,2010,112.418351878509
st_s020,st_s020,68.9353635278609,-130.842238006087,2011,139.870265659456
st_s020,st_s020,68.9353635278609,-130.842238006087,1987,155.481044728801
st_s020,st_s020,68.9353635278609,-130.842238006087,1989,82.7644873341054
st_s020,st_s020,68.9353635278609,-130.842238006087,1991,89.9262921901363
st_s020,st_s020,68.9353635278609,-130.842238006087,1995,59.3770404410355
st_s020,st_s020,68.9353635278609,-130.842238006087,1996,41.7231909643746
st_s020,st_s020,68.9353635278609,-130.842238006087,2007,142.637216897004
st_s020,st_s020,68.9353635278609,-130.842238006087,1985,116.472822265921
st_s020,st_s020,68.9353635278609,-130.842238006087,2002,23.9426286784315
st_s020,st_s020,68.9353635278609,-130.842238006087,2014,168.851984101911
st_s020,st_s020,68.9353635278609,-130.842238006087,2015,177.252483896056
st_s020,st_s020,68.9353635278609,-130.842238006087,2017,232.992739738148
st_s020,st_s020,68.9353635278609,-130.842238006087,2020,104.750586117369
st_s020,st_s020,68.9353635278609,-130.842238006087,2022,2565.50764596656
st_s020,st_s020,68.9353635278609,-130.842238006087,2023,86.40815208102
st_s020,st_s020,68.9353635278609,-130.842238006087,2000,98.2217163991111
st_s020,st_s020,68.9353635278609,-130.842238006087,2013,185.904175282026
st_s020,st_s020,68.9353635278609,-130.842238006087,2016,61.8501267303581
st_s020,st_s020,68.9353635278609,-130.842238006087,2018,171.66672501125
st_s020,st_s020,68.9353635278609,-130.842238006087,2021,148.551851833859
st_s020,st_s020,68.9353635278609,-130.842238006087,2024,106.433688778462
st_s020,st_s020,68.9353635278609,-130.842238006087,2019,159.965791863406
st_s020_ref,st_s020_ref,68.9372787095926,-130.765254769855,1984,49.6843756875439
st_s020_ref,st_s020_ref,68.9372787095926,-130.765254769855,1985,203.666446061104
st_s020_ref,st_s020_ref,68.9372787095926,-130.765254769855,1986,97.6784954056905
st_s020_ref,st_s020_ref,68.9372787095926,-130.765254769855,1988,129.703565932822
st_s020_ref,st_s020_ref,68.9372787095926,-130.765254769855,1990,138.968371677288
st_s020_ref,st_s020_ref,68.9372787095926,-130.765254769855,1992,122.43556311952
st_s020_ref,st_s020_ref,68.9372787095926,-130.765254769855,1995,62.1373663487244
st_s020_ref,st_s020_ref,68.9372787095926,-130.765254769855,1997,118.627873148474
st_s020_ref,st_s020_ref,68.9372787095926,-130.765254769855,1998,124.469739293173
st_s020_ref,st_s020_ref,68.9372787095926,-130.765254769855,1999,124.14600241896
st_s020_ref,st_s020_ref,68.9372787095926,-130.765254769855,2004,77.3999671512614
st_s020_ref,st_s020_ref,68.9372787095926,-130.765254769855,2005,214.388184830289
st_s020_ref,st_s020_ref,68.9372787095926,-130.765254769855,2006,200.513035387786
st_s020_ref,st_s020_ref,68.9372787095926,-130.765254769855,2011,152.448279990177
st_s020_ref,st_s020_ref,68.9372787095926,-130.765254769855,1987,138.828670914781
st_s020_ref,st_s020_ref,68.9372787095926,-130.765254769855,1989,72.2173997824734
st_s020_ref,st_s020_ref,68.9372787095926,-130.765254769855,1994,174.992814489208
st_s020_ref,st_s020_ref,68.9372787095926,-130.765254769855,2007,120.783988659502
st_s020_ref,st_s020_ref,68.9372787095926,-130.765254769855,2009,111.291278833128
st_s020_ref,st_s020_ref,68.9372787095926,-130.765254769855,2010,53.8485103115432
st_s020_ref,st_s020_ref,68.9372787095926,-130.765254769855,1993,62.4535120471736
st_s020_ref,st_s020_ref,68.9372787095926,-130.765254769855,1996,258.885296826597
st_s020_ref,st_s020_ref,68.9372787095926,-130.765254769855,2000,153.889703051981
st_s020_ref,st_s020_ref,68.9372787095926,-130.765254769855,2003,105.305173337588
st_s020_ref,st_s020_ref,68.9372787095926,-130.765254769855,2014,147.811433427579
st_s020_ref,st_s020_ref,68.9372787095926,-130.765254769855,2015,84.6608906711869
st_s020_ref,st_s020_ref,68.9372787095926,-130.765254769855,2016,70.9987195681537
st_s020_ref,st_s020_ref,68.9372787095926,-130.765254769855,2017,140.379819682224
st_s020_ref,st_s020_ref,68.9372787095926,-130.765254769855,2020,133.280425913474
st_s020_ref,st_s020_ref,68.9372787095926,-130.765254769855,2022,257.482144405315
st_s020_ref,st_s020_ref,68.9372787095926,-130.765254769855,2023,143.408970935087
st_s020_ref,st_s020_ref,68.9372787095926,-130.765254769855,2013,96.3900480152566
st_s020_ref,st_s020_ref,68.9372787095926,-130.765254769855,2018,129.398629913801
st_s020_ref,st_s020_ref,68.9372787095926,-130.765254769855,2008,208.585334838114
st_s020_ref,st_s020_ref,68.9372787095926,-130.765254769855,2021,107.835553108298
st_s020_ref,st_s020_ref,68.9372787095926,-130.765254769855,2024,94.5340172504216
st_s020_ref,st_s020_ref,68.9372787095926,-130.765254769855,2019,73.782766148787
