system:index,B1_median,B2_count,B2_median,B3_median,B4_median,B5_median,B6_median,B7_median,cloud_cover,cloud_qa_count,date,img_qual,lat,lon,nd_median,pixel_qa_median,site_no,snow_ice_qa_count,solar_az,solar_zen,.geo
1_1_1_LT05_060012_19860609_0,347.2625,2,423.7125,448.87499999999994,434.5750000000001,313.4375,285.79941446,215.95000000000005,3.0,0,1986-06-09,9.0,68.42509020521814,-132.20318998438606,-0.15110791474580765,32.0,s005,0,160.91249536,43.73340564,"{""type"":""MultiPoint"",""coordinates"":[]}"
1_1_1_LT05_060012_19900604_0,281.67499999999984,1,332.82499999999993,395.5249999999999,339.15000000000003,253.89999999999995,283.09234261999995,240.1500000000001,25.0,0,1990-06-04,9.0,68.42509020521814,-132.20318998438606,-0.1345178782939911,32.0,s005,0,160.31421092,43.21560227,"{""type"":""MultiPoint"",""coordinates"":[]}"
1_1_1_LT05_060012_19900620_0,391.4000000000001,1,424.40000000000003,399.1,555.0250000000001,374.6250000000001,294.03684266,239.32499999999996,43.0,62,1990-06-20,9.0,68.42509020521814,-132.20318998438606,-0.062294673174619675,4.0,s005,0,159.10082551,44.06492785,"{""type"":""MultiPoint"",""coordinates"":[]}"
1_1_1_LT05_060012_19920913_0,1200.9999999999998,14,1227.9499999999998,1205.3999999999999,1488.3750000000002,822.0499999999997,274.09269596,473.3499999999999,11.0,0,1992-09-13,9.0,68.42509020521814,-132.20318998438606,-0.2301184059379694,1.0,s005,0,164.24427926,24.44157624,"{""type"":""MultiPoint"",""coordinates"":[]}"
1_1_1_LT05_060012_19920913_1,1633.8500000000001,1,1635.2250000000001,1652.0000000000002,2128.3,968.0749999999999,273.49112444,472.7999999999999,11.0,0,1992-09-13,9.0,68.38263020514366,-132.3255099846317,-0.2562708854675293,4.0,s005_ref,6,164.24427926,24.44157624,"{""type"":""MultiPoint"",""coordinates"":[]}"
1_1_1_LT05_060012_19950906_1,983.4749999999998,1,820.1249999999999,812.1499999999999,1255.7249999999997,629.0000000000001,273.26895314,237.67499999999998,89.0,0,1995-09-06,9.0,68.38263020514366,-132.3255099846317,-0.1318899393081665,1.0,s005_ref,0,157.529198,26.63185113,"{""type"":""MultiPoint"",""coordinates"":[]}"
1_1_1_LT05_060012_19990731_1,275.35,1,313.5750000000001,179.92499999999995,692.2499999999998,283.59999999999997,292.61152832,121.35000000000007,23.0,44,1999-07-31,9.0,68.38263020514366,-132.3255099846317,-0.05019466578960419,4.0,s005_ref,0,163.83566973,39.24677693,"{""type"":""MultiPoint"",""coordinates"":[]}"
1_1_1_LT05_060012_20090726_0,657.5999999999998,2,712.875,601.4999999999998,1576.9250000000002,659.7999999999998,295.8381392,343.0,8.0,77,2009-07-26,9.0,68.42509020521814,-132.20318998438606,-0.03866538032889366,1.0,s005,0,167.35977992,40.57820214,"{""type"":""MultiPoint"",""coordinates"":[]}"
1_1_1_LT05_060012_20110529_0,390.025,1,520.1,515.425,661.9999999999998,500.57499999999976,291.62030252,371.59999999999997,17.0,121,2011-05-29,9.0,68.42509020521814,-132.20318998438606,-0.019129497930407524,2.0,s005,0,169.98325067,43.12439939,"{""type"":""MultiPoint"",""coordinates"":[]}"
1_1_1_LT05_061012_19840930_0,836.075,24,854.7749999999999,933.1499999999999,1330.25,640.0,269.18441924,350.6999999999999,11.0,3,1984-09-30,9.0,68.42509020521814,-132.20318998438606,-0.10728683514673358,4.0,s005,0,168.65190566,18.20948764,"{""type"":""MultiPoint"",""coordinates"":[]}"
1_1_1_LT05_061012_19840930_1,782.7250000000003,1,747.8000000000002,843.4999999999998,1424.0249999999999,704.6249999999999,268.52132336,446.125,11.0,0,1984-09-30,9.0,68.38263020514366,-132.3255099846317,-0.029726147651672363,1.0,s005_ref,0,168.65190566,18.20948764,"{""type"":""MultiPoint"",""coordinates"":[]}"
1_1_1_LT05_061012_19870603_0,427.4249999999999,1,478.575,478.025,601.4999999999998,459.8749999999999,284.524493,321.5499999999999,2.0,104,1987-06-03,9.0,68.42509020521814,-132.20318998438606,-0.01992647536098957,2.0,s005,0,161.89499779,43.23474914,"{""type"":""MultiPoint"",""coordinates"":[]}"
1_1_1_LT05_061012_19870603_1,438.1499999999999,3,501.4000000000002,495.6250000000001,522.8499999999997,401.84999999999997,286.22666696,236.575,2.0,0,1987-06-03,9.0,68.38263020514366,-132.3255099846317,-0.10187336057424545,4.0,s005_ref,0,161.89499779,43.23474914,"{""type"":""MultiPoint"",""coordinates"":[]}"
1_1_1_LT05_061012_19880621_0,444.475,3,448.0500000000001,379.8499999999999,659.7999999999998,407.62500000000006,292.59785624,328.1500000000001,27.0,91,1988-06-21,9.0,68.42509020521814,-132.20318998438606,-0.047243405133485794,4.0,s005,0,162.35868297,44.3782645,"{""type"":""MultiPoint"",""coordinates"":[]}"
1_1_1_LT05_061012_19890928_0,1105.85,55,1021.4250000000003,896.0249999999997,1394.8749999999998,623.7749999999997,274.55071064,341.34999999999997,43.0,24,1989-09-28,9.0,68.42509020521814,-132.20318998438606,-0.25014716386795044,4.0,s005,18,167.10396885,18.93859393,"{""type"":""MultiPoint"",""coordinates"":[]}"
1_1_1_LT05_061012_19890928_1,1195.775,16,1018.675,979.6250000000001,1009.5999999999999,558.325,273.93546704,340.8,43.0,30,1989-09-28,9.0,68.38263020514366,-132.3255099846317,-0.2491255683805527,1.0,s005_ref,112,167.10396885,18.93859393,"{""type"":""MultiPoint"",""coordinates"":[]}"
1_1_1_LT05_061012_19910513_0,992.8249999999999,3,972.4749999999999,1034.9000000000003,1147.65,865.7749999999997,287.15978642,444.7499999999999,18.0,82,1991-05-13,9.0,68.42509020521814,-132.20318998438606,-0.05804433673620224,1.0,s005,11,162.38349669,39.32088682,"{""type"":""MultiPoint"",""coordinates"":[]}"
1_1_1_LT05_061012_19910513_1,1608.0,1,1633.8500000000001,1604.9750000000001,1642.9250000000002,632.8499999999998,279.25390616,397.1749999999999,18.0,120,1991-05-13,9.0,68.38263020514366,-132.3255099846317,-0.4416111409664154,2.0,s005_ref,37,162.38349669,39.32088682,"{""type"":""MultiPoint"",""coordinates"":[]}"
1_1_1_LT05_061012_19930923_0,1155.0749999999998,17,1154.525,1101.7250000000001,1328.875,732.3999999999997,269.75522858,473.07500000000005,55.0,46,1993-09-23,9.0,68.42509020521814,-132.20318998438606,-0.22815232103010558,4.0,s005,12,165.71531549,20.79350897,"{""type"":""MultiPoint"",""coordinates"":[]}"
1_1_1_LT05_061012_19930923_1,1611.0249999999999,3,1568.95,1501.3,1678.675,731.2999999999997,268.28206195999996,472.52500000000003,55.0,100,1993-09-23,9.0,68.38263020514366,-132.3255099846317,-0.3581821322441101,4.0,s005_ref,77,165.71531549,20.79350897,"{""type"":""MultiPoint"",""coordinates"":[]}"
1_1_1_LT05_061012_19940521_0,653.475,10,736.25,764.3,696.6499999999997,489.85,284.11774862,250.87499999999986,7.0,0,1994-05-21,9.0,68.42509020521814,-132.20318998438606,-0.14716613292694092,32.0,s005,0,160.88606142,41.02261337,"{""type"":""MultiPoint"",""coordinates"":[]}"
1_1_1_LT05_061012_19940910_0,595.4500000000002,16,622.9499999999999,550.0749999999998,1000.8000000000001,594.8999999999999,273.6722795,313.84999999999997,79.0,0,1994-09-10,9.0,68.42509020521814,-132.20318998438606,-0.04439856484532356,1.0,s005,0,162.22099712,25.57691567,"{""type"":""MultiPoint"",""coordinates"":[]}"
1_1_1_LT05_061012_19940910_1,611.95,1,633.4000000000001,558.8749999999998,1070.375,547.3250000000002,273.9115409,381.77500000000003,79.0,0,1994-09-10,9.0,68.38263020514366,-132.3255099846317,-0.07290012389421463,1.0,s005_ref,0,162.22099712,25.57691567,"{""type"":""MultiPoint"",""coordinates"":[]}"
1_1_1_LT05_061012_19950524_0,1171.025,9,1050.025,1147.9250000000002,1511.475,820.4,280.70656466,421.92499999999995,3.0,12,1995-05-24,9.0,68.42509020521814,-132.20318998438606,-0.19057101011276245,1.0,s005,1,156.88403103,41.11331672,"{""type"":""MultiPoint"",""coordinates"":[]}"
1_1_1_LT05_061012_19950524_1,1382.2250000000004,9,1200.175,1392.95,1606.075,692.8000000000001,278.77196534,421.92499999999995,3.0,0,1995-05-24,9.0,68.38263020514366,-132.3255099846317,-0.31186380982398987,4.0,s005_ref,65,156.88403103,41.11331672,"{""type"":""MultiPoint"",""coordinates"":[]}"
1_1_1_LT05_061012_19960713_0,311.09999999999997,2,297.9000000000001,301.2000000000001,960.9250000000003,282.22499999999985,289.4635319,150.77499999999995,31.0,74,1996-07-13,9.0,68.42509020521814,-132.20318998438606,-0.027020039036870003,4.0,s005,0,156.69646867,42.08531752,"{""type"":""MultiPoint"",""coordinates"":[]}"
1_1_1_LT05_061012_19971004_0,835.4981239804239,118,817.8808691717662,754.5631349876575,1234.8250000000003,549.2500000000001,271.6248855200001,380.675,34.0,25,1997-10-04,9.0,68.42509020521814,-132.20318998438606,-0.1790100692030423,4.0,s005,0,170.01984567,16.83466685,"{""type"":""MultiPoint"",""coordinates"":[]}"
1_1_1_LT05_061012_19971004_1,883.3750000000001,20,806.3749999999998,745.8749999999998,1123.1750000000002,691.9750000000003,271.88123702,379.8499999999999,34.0,0,1997-10-04,9.0,68.38263020514366,-132.3255099846317,-0.13010212779045105,1.0,s005_ref,0,170.01984567,16.83466685,"{""type"":""MultiPoint"",""coordinates"":[]}"
1_1_1_LT05_061012_19980719_0,504.14999999999986,1,531.0999999999999,425.7749999999999,1140.2250000000004,437.87500000000006,296.6071937,239.32499999999996,15.0,0,1998-07-19,9.0,68.42509020521814,-132.20318998438606,-0.09620991349220276,1.0,s005,0,163.87142948,41.83128062,"{""type"":""MultiPoint"",""coordinates"":[]}"
1_1_1_LT05_061012_19980905_0,726.8999999999997,3,770.3500000000003,718.375,1154.525,658.1500000000001,286.73253392000004,428.8,39.0,0,1998-09-05,9.0,68.42509020521814,-132.20318998438606,-0.07854392379522324,1.0,s005,0,167.86287899,27.95906343,"{""type"":""MultiPoint"",""coordinates"":[]}"
1_1_1_LT05_061012_19980905_1,645.7750000000001,14,689.225,655.675,1014.5500000000002,657.5999999999998,284.93807342,296.525,39.0,0,1998-09-05,9.0,68.38263020514366,-132.3255099846317,-0.023481149226427078,1.0,s005_ref,0,167.86287899,27.95906343,"{""type"":""MultiPoint"",""coordinates"":[]}"
1_1_1_LT05_061012_20050604_1,1104.2000000000003,1,1338.5000000000002,1317.6,1515.6000000000004,871.2750000000002,290.84099396,487.3749999999999,28.0,0,2005-06-04,9.0,68.38263020514366,-132.3255099846317,-0.21143555641174316,1.0,s005_ref,0,169.02167828,43.9349776,"{""type"":""MultiPoint"",""coordinates"":[]}"
1_1_1_LT05_061012_20070712_0,203.375,68,295.97499999999997,173.59999999999985,566.8499999999999,222.27499999999984,293.9582282,107.59999999999992,53.0,0,2007-07-12,9.0,68.42509020521814,-132.20318998438606,-0.12342351972262977,4.0,s005,0,168.71397808,43.32355824,"{""type"":""MultiPoint"",""coordinates"":[]}"
1_1_1_LT05_061012_20110707_1,175.52499999999998,2,244.96249999999998,135.64999999999995,405.42500000000007,136.8875,288.54750254,14.649999999999942,40.0,0,2011-07-07,9.0,68.38263020514366,-132.3255099846317,-0.2852253019809723,32.0,s005_ref,0,167.39253294,43.8690078,"{""type"":""MultiPoint"",""coordinates"":[]}"
1_1_1_LT05_062012_19860607_0,419.72499999999997,5,489.85,528.9,486.55,255.82500000000007,284.15534684,195.87500000000009,11.0,0,1986-06-07,9.0,68.42509020521814,-132.20318998438606,-0.31384316086769104,32.0,s005,0,161.09013755,43.57376171,"{""type"":""MultiPoint"",""coordinates"":[]}"
1_1_1_LT05_062012_19860607_1,745.8749999999998,6,793.1749999999998,832.4999999999999,1014.5500000000002,704.9,285.5840792,451.3500000000001,11.0,0,1986-06-07,9.0,68.38263020514366,-132.3255099846317,-0.08975490423769501,4.0,s005_ref,0,161.09013755,43.57376171,"{""type"":""MultiPoint"",""coordinates"":[]}"
1_1_1_LT05_062012_19860810_0,185.4249999999999,1,298.72499999999997,182.12499999999991,318.7999999999999,124.9249999999999,290.77263356000003,131.52499999999984,12.0,0,1986-08-10,9.0,68.42509020521814,-132.20318998438606,-0.41024431586265564,32.0,s005,0,159.73839555,36.06319163,"{""type"":""MultiPoint"",""coordinates"":[]}"
1_1_1_LT05_062012_19920725_0,397.7249999999999,1,518.7249999999999,475.54999999999984,1173.225,511.025,298.71611204,356.74999999999983,3.0,0,1992-07-25,9.0,68.42509020521814,-132.20318998438606,-0.007477543316781521,1.0,s005,0,159.08272418,40.04185812,"{""type"":""MultiPoint"",""coordinates"":[]}"
1_1_1_LT05_062012_19941003_0,1433.65,36,1428.4249999999997,1323.65,1864.575,765.9500000000003,272.99892955999997,382.32500000000005,23.0,63,1994-10-03,9.0,68.42509020521814,-132.20318998438606,-0.3018968999385834,4.0,s005,35,165.15381634,16.91212718,"{""type"":""MultiPoint"",""coordinates"":[]}"
1_1_1_LT05_062012_19941003_1,1489.7169333910033,89,1303.575,1227.6749999999997,1236.7990120967743,338.6,272.79726638,173.59999999999985,23.0,0,1994-10-03,9.0,68.38263020514366,-132.3255099846317,-0.5963617563247681,32.0,s005_ref,17,165.15381634,16.91212718,"{""type"":""MultiPoint"",""coordinates"":[]}"
1_1_1_LT05_062012_19970605_0,288.82499999999993,2,350.5625,395.66249999999997,345.75,245.0999999999999,286.67613659,155.45000000000005,1.0,0,1997-06-05,9.0,68.42509020521814,-132.20318998438606,-0.17615142837166786,32.0,s005,0,163.32060653,43.66408356,"{""type"":""MultiPoint"",""coordinates"":[]}"
1_1_1_LT05_062012_20040608_0,384.2499999999999,3,497.82500000000005,535.4999999999999,638.6249999999999,395.25000000000006,286.98204938000003,317.42500000000007,2.0,134,2004-06-08,9.0,68.42509020521814,-132.20318998438606,-0.11512845009565353,2.0,s005,0,166.86571293,44.23418137,"{""type"":""MultiPoint"",""coordinates"":[]}"
1_1_1_LT05_062012_20040928_0,402.95,1,452.7249999999999,481.32499999999993,429.0749999999999,414.775,273.11856026,328.42499999999995,21.0,0,2004-09-28,9.0,68.42509020521814,-132.20318998438606,-0.04374639689922333,32.0,s005,0,172.27894054,19.15226983,"{""type"":""MultiPoint"",""coordinates"":[]}"
1_1_1_LT05_062012_20050526_0,640.8249999999998,7,739.0000000000002,775.2999999999998,1207.3250000000003,589.9500000000002,282.17631326000003,325.675,32.0,8,2005-05-26,9.0,68.42509020521814,-132.20318998438606,-0.14896225929260254,1.0,s005,0,169.55146891,42.6940468,"{""type"":""MultiPoint"",""coordinates"":[]}"
1_1_1_LT05_062012_20080619_0,246.75000000000003,1,355.64999999999986,230.52500000000003,328.7000000000001,304.2249999999999,288.05872568,273.15000000000003,55.0,0,2008-06-19,9.0,68.42509020521814,-132.20318998438606,-0.07793142646551132,4.0,s005,0,167.74599763,44.7597194,"{""type"":""MultiPoint"",""coordinates"":[]}"
1_1_1_LT05_062012_20090606_0,391.9500000000001,1,413.39999999999986,463.45,619.1000000000003,403.49999999999994,290.11637371999996,320.9999999999999,1.0,125,2009-06-06,9.0,68.42509020521814,-132.20318998438606,-0.012118986807763577,2.0,s005,0,169.16423733,44.1691685,"{""type"":""MultiPoint"",""coordinates"":[]}"
1_1_1_LT05_062012_20100727_1,392.7749999999999,27,402.95,250.04999999999998,802.8000000000002,335.0249999999999,297.01735610000003,113.09999999999987,22.0,0,2010-07-27,9.0,68.38263020514366,-132.3255099846317,-0.07123034447431564,4.0,s005_ref,0,167.71800371,40.41164304,"{""type"":""MultiPoint"",""coordinates"":[]}"
1_1_1_LT05_062012_20110527_0,415.04999999999984,2,537.1500000000001,606.45,705.4500000000003,435.94999999999993,291.30584468,410.92500000000007,3.0,115,2011-05-27,9.0,68.42509020521814,-132.20318998438606,-0.10399753600358963,2.0,s005,0,170.10822597,42.80752833,"{""type"":""MultiPoint"",""coordinates"":[]}"
1_1_1_LT05_062012_20110527_1,688.9499999999998,7,801.4250000000001,852.0250000000001,1062.1249999999998,646.8750000000001,287.73059576,410.37500000000006,3.0,86,2011-05-27,9.0,68.38263020514366,-132.3255099846317,-0.10671131312847137,2.0,s005_ref,10,170.10822597,42.80752833,"{""type"":""MultiPoint"",""coordinates"":[]}"
1_1_1_LT05_062012_20110628_0,272.87499999999994,1,292.125,255.82500000000007,430.17499999999984,249.5,290.10953768,149.4000000000001,13.0,0,2011-06-28,9.0,68.42509020521814,-132.20318998438606,-0.07869835942983627,4.0,s005,0,167.86385223,44.61476218,"{""type"":""MultiPoint"",""coordinates"":[]}"
1_1_1_LT05_062012_20110730_1,349.32500000000005,7,486.00000000000006,360.05000000000007,1030.2250000000001,479.67499999999995,292.40986513999997,164.79999999999995,83.0,0,2011-07-30,9.0,68.38263020514366,-132.3255099846317,-0.022232789546251297,4.0,s005_ref,0,167.34069002,39.73479686,"{""type"":""MultiPoint"",""coordinates"":[]}"
1_1_1_LT05_062012_20111002_0,483.25000000000006,1,527.2500000000002,538.5250000000002,1163.8749999999998,453.2749999999999,272.95449529999996,457.1249999999999,34.0,0,2011-10-02,9.0,68.42509020521814,-132.20318998438606,-0.0754442773004261,1.0,s005,0,173.53717182,17.90498186,"{""type"":""MultiPoint"",""coordinates"":[]}"
1_1_1_LT05_063012_19860817_0,254.1750000000001,3,247.57499999999987,222.54999999999998,350.1499999999999,210.45000000000007,289.45327784,33.07499999999991,23.0,13,1986-08-17,9.0,68.42509020521814,-132.20318998438606,-0.08105453103780746,4.0,s005,0,160.39323935,33.96346063,"{""type"":""MultiPoint"",""coordinates"":[]}"
1_1_1_LT05_063012_19880806_0,407.3499999999999,1,619.3749999999998,515.9750000000001,1030.7749999999999,556.9499999999999,292.49873365999997,263.79999999999984,13.0,0,1988-08-06,9.0,68.42509020521814,-132.20318998438606,-0.05306781714237124,1.0,s005,0,162.28451703,37.35639334,"{""type"":""MultiPoint"",""coordinates"":[]}"
1_1_1_LT05_063012_19920801_0,816.5499999999997,5,1006.8500000000003,797.8499999999999,1782.9,886.9500000000003,289.13198395999996,418.075,12.0,0,1992-08-01,9.0,68.42509020521814,-132.20318998438606,-0.0633118599653244,1.0,s005,0,159.42310303,38.38929801,"{""type"":""MultiPoint"",""coordinates"":[]}"
1_1_1_LT05_063012_19920801_1,672.9999999999997,7,867.9749999999997,689.7750000000002,1781.8,848.9999999999998,291.31609874000003,312.47499999999985,12.0,0,1992-08-01,9.0,68.38263020514366,-132.3255099846317,-0.015899236010737273,1.0,s005_ref,0,159.42310303,38.38929801,"{""type"":""MultiPoint"",""coordinates"":[]}"
1_1_1_LT05_063012_19930719_1,717.8249999999997,1,852.0250000000001,822.8750000000001,1352.8000000000002,807.2000000000002,280.77150703999996,476.64999999999986,62.0,0,1993-07-19,9.0,68.38263020514366,-132.3255099846317,-0.027015624764573774,4.0,s005_ref,0,158.90098337,41.31857264,"{""type"":""MultiPoint"",""coordinates"":[]}"
1_1_1_LT05_063012_19940519_0,1681.6999999999998,3,1712.225,1739.9999999999998,1783.725,749.4499999999998,275.16937226,480.5000000000001,18.0,0,1994-05-19,9.0,68.42509020521814,-132.20318998438606,-0.40323880314826965,1.0,s005,89,161.00474068,40.61876254,"{""type"":""MultiPoint"",""coordinates"":[]}"
1_1_1_LT05_063012_19940722_0,207.42499999999998,73,298.4500000000001,175.79999999999984,617.7250000000001,240.97499999999994,291.52117994,70.47499999999984,21.0,0,1994-07-22,9.0,68.42509020521814,-132.20318998438606,-0.08471778780221939,4.0,s005,0,157.42859611,40.59041591,"{""type"":""MultiPoint"",""coordinates"":[]}"
1_1_1_LT05_063012_19950623_1,973.5749999999998,12,894.9249999999997,742.8499999999999,1720.7499999999998,762.6499999999997,291.3263528,372.97500000000014,71.0,0,1995-06-23,9.0,68.38263020514366,-132.3255099846317,-0.07964762300252914,1.0,s005_ref,0,154.2069058,43.45565383,"{""type"":""MultiPoint"",""coordinates"":[]}"
1_1_1_LT05_063012_19960609_0,470.0499999999999,21,489.85,453.55000000000007,536.5999999999999,409.5499999999999,286.45909231999997,240.70000000000007,37.0,0,1996-06-09,9.0,68.42509020521814,-132.20318998438606,-0.08900319784879684,4.0,s005,0,157.8375251,43.53648777,"{""type"":""MultiPoint"",""coordinates"":[]}"
1_1_1_LT05_063012_19960828_0,198.07500000000005,5,250.87499999999986,153.25000000000006,383.425,148.02499999999995,277.37399516,94.6749999999999,7.0,0,1996-08-28,9.0,68.42509020521814,-132.20318998438606,-0.1420929878950119,32.0,s005,0,160.97749115,30.15020073,"{""type"":""MultiPoint"",""coordinates"":[]}"
1_1_1_LT05_063012_19970527_0,1697.3749999999998,1,1732.3,1683.6250000000002,2050.75,868.525,279.04198892,457.95000000000005,34.0,128,1997-05-27,9.0,68.42509020521814,-132.20318998438606,-0.3321157709572924,2.0,s005,4,163.83363264,42.49266092,"{""type"":""MultiPoint"",""coordinates"":[]}"
1_1_1_LT05_063012_19980717_0,1600.3000000000002,8,1625.6,1286.525,2056.525,864.125,292.85420774,405.01250000000005,39.0,46,1998-07-17,9.0,68.42509020521814,-132.20318998438606,-0.30644690990448,2.0,s005,0,163.85717519,42.18709485,"{""type"":""MultiPoint"",""coordinates"":[]}"
1_1_1_LT05_063012_19990720_0,863.5749999999997,3,1003.5499999999997,902.0749999999999,1784.0,886.4,278.44725344,484.62499999999994,99.0,0,1999-07-20,9.0,68.42509020521814,-132.20318998438606,-0.08101848512887955,4.0,s005,0,163.532632,41.64267491,"{""type"":""MultiPoint"",""coordinates"":[]}"
1_1_1_LT05_063012_19990906_0,523.9500000000003,2,668.8749999999999,612.9124999999999,1050.7124999999996,653.7500000000001,280.65187633999994,489.02499999999986,75.0,0,1999-09-06,9.0,68.42509020521814,-132.20318998438606,-0.01143559254705906,1.0,s005,0,167.35871522,27.62645672,"{""type"":""MultiPoint"",""coordinates"":[]}"
1_1_1_LT05_063012_20030917_0,1674.6875,2,1505.15,1361.8750000000002,1450.7,440.07499999999993,273.93546704,194.22499999999997,88.0,0,2003-09-17,9.0,68.42509020521814,-132.20318998438606,-0.5489378571510315,16.5,s005,152,169.06690042,23.54780177,"{""type"":""MultiPoint"",""coordinates"":[]}"
1_1_1_LT05_063012_20031003_0,708.1999999999999,18,727.175,709.575,1248.3,695.8249999999999,282.24467366,383.6999999999999,22.0,53,2003-10-03,9.0,68.42509020521814,-132.20318998438606,-0.0763196349143982,1.0,s005,0,170.99868417,17.43326692,"{""type"":""MultiPoint"",""coordinates"":[]}"
1_1_1_LT05_063012_20031003_1,1521.1000000000001,2,1553.5500000000002,1439.15,1985.3,908.675,278.47117958,488.20000000000005,22.0,108,2003-10-03,9.0,68.38263020514366,-132.3255099846317,-0.2619074285030365,2.0,s005_ref,46,170.99868417,17.43326692,"{""type"":""MultiPoint"",""coordinates"":[]}"
1_1_1_LT05_063012_20060723_0,223.64999999999995,10,280.02499999999986,242.62499999999991,605.0749999999999,237.12499999999997,281.53714352,115.57499999999999,95.0,64,2006-07-23,9.0,68.42509020521814,-132.20318998438606,-0.054411593824625015,4.0,s005,0,168.56746912,41.3587112,"{""type"":""MultiPoint"",""coordinates"":[]}"
1_1_1_LT05_063012_20060824_1,516.2499999999998,1,700.7750000000001,557.7749999999997,1649.525,605.35,282.23100158,252.52499999999984,93.0,0,2006-08-24,9.0,68.38263020514366,-132.3255099846317,-0.07305962293042402,1.0,s005_ref,0,170.72041334,32.41656773,"{""type"":""MultiPoint"",""coordinates"":[]}"
1_1_1_LT05_063012_20061011_1,1061.3,1,945.5249999999999,1219.1499999999999,1826.0749999999998,810.225,273.50821454,324.29999999999984,35.0,0,2006-10-11,9.0,68.38263020514366,-132.3255099846317,-0.07706108689308167,4.0,s005_ref,0,175.93941714,14.46189658,"{""type"":""MultiPoint"",""coordinates"":[]}"
1_1_1_LT05_063012_20070726_0,278.92499999999984,1,347.3999999999999,298.17499999999995,414.4999999999999,303.12499999999994,291.7877855,162.32499999999982,52.0,28,2007-07-26,9.0,68.42509020521814,-132.20318998438606,-0.06806041300296783,4.0,s005,0,168.65493542,40.76121722,"{""type"":""MultiPoint"",""coordinates"":[]}"
1_1_1_LT05_063012_20070827_0,360.05000000000007,1,506.34999999999985,461.25,1020.0500000000001,503.60000000000014,282.77104873999997,320.9999999999999,16.0,0,2007-08-27,9.0,68.42509020521814,-132.20318998438606,-0.0027229071129113436,1.0,s005,0,170.84915648,31.45721203,"{""type"":""MultiPoint"",""coordinates"":[]}"
1_1_1_LT05_063012_20070928_0,656.4999999999999,7,659.7999999999998,559.4250000000001,1138.575,531.6500000000002,274.65325124000003,324.02500000000003,32.0,0,2007-09-28,9.0,68.42509020521814,-132.20318998438606,-0.08276315778493881,1.0,s005,0,174.39220074,19.49566531,"{""type"":""MultiPoint"",""coordinates"":[]}"
1_1_1_LT05_063012_20070928_1,1004.6500000000003,12,1072.3,957.8999999999999,1488.3750000000002,772.2750000000001,273.90128684,411.475,32.0,0,2007-09-28,9.0,68.38263020514366,-132.3255099846317,-0.136734277009964,1.0,s005_ref,0,174.39220074,19.49566531,"{""type"":""MultiPoint"",""coordinates"":[]}"
1_1_1_LT05_063012_20080728_0,496.99999999999994,52,599.5749999999999,439.24999999999994,1227.9499999999998,506.34999999999985,295.73218058,206.87499999999997,36.0,7,2008-07-28,9.0,68.42509020521814,-132.20318998438606,-0.06625684753240936,1.0,s005,0,166.39082064,39.96137253,"{""type"":""MultiPoint"",""coordinates"":[]}"
1_1_1_LT05_063012_20080728_1,374.21250000000003,126,453.3415322580645,368.377798087739,1111.1293876355107,397.0622050816696,293.93812219999995,154.53793472674317,36.0,0,2008-07-28,9.0,68.38263020514366,-132.3255099846317,-0.11063929319570735,4.0,s005_ref,0,166.39082064,39.96137253,"{""type"":""MultiPoint"",""coordinates"":[]}"
1_1_1_LT05_063012_20090528_0,1392.3999999999996,5,1516.15,1424.3,1755.95,713.1500000000002,285.69687386,457.40000000000003,10.0,120,2009-05-28,9.0,68.42509020521814,-132.20318998438606,-0.3495684862136841,4.0,s005,49,169.68491209,43.04878037,"{""type"":""MultiPoint"",""coordinates"":[]}"
1_1_1_LT05_063012_20090731_0,1206.2250000000001,11,1391.2999999999997,1018.675,2245.45,975.2250000000001,298.64091559999997,471.1499999999999,29.0,8,2009-07-31,9.0,68.42509020521814,-132.20318998438606,-0.19653210043907166,2.0,s005,0,167.56459353,39.39711606,"{""type"":""MultiPoint"",""coordinates"":[]}"
1_1_1_LT05_063012_20090731_1,1446.2999999999997,2,1662.725,1224.925,2316.675,1057.4499999999998,299.12627444,412.2999999999999,29.0,74,2009-07-31,9.0,68.38263020514366,-132.3255099846317,-0.22251325845718384,2.0,s005_ref,0,167.56459353,39.39711606,"{""type"":""MultiPoint"",""coordinates"":[]}"
1_1_1_LT05_063012_20110603_1,1697.9250000000002,1,1421.0,1749.6250000000002,1917.65,630.1000000000001,285.3448178,441.4499999999999,2.0,129,2011-06-03,9.0,68.38263020514366,-132.3255099846317,-0.38559797406196594,2.0,s005_ref,2,169.66013788,43.79699029,"{""type"":""MultiPoint"",""coordinates"":[]}"
1_1_2_LE07_060012_20030531_0,1175.425,1,1145.7250000000001,923.8000000000002,1355.5499999999997,903.45,285.23544116,477.1999999999998,65.0,128,2003-05-31,9.0,68.42509020521814,-132.20318998438606,-0.11823050677776337,2.0,s005,0,169.52927039,43.40102594,"{""type"":""MultiPoint"",""coordinates"":[]}"
1_1_2_LE07_060012_20071001_0,784.0999999999998,7,656.775,627.0749999999997,1253.2500000000002,610.85,272.55800497999996,320.725,42.0,0,2007-10-01,9.0,68.42509020521814,-132.20318998438606,-0.03602004051208496,1.0,s005,0,173.7104555,18.27479133,"{""type"":""MultiPoint"",""coordinates"":[]}"
1_1_2_LE07_060012_20071001_1,894.0999999999999,1,777.775,677.6749999999998,1113.2750000000003,672.9999999999997,272.96816738,386.175,42.0,0,2007-10-01,9.0,68.38263020514366,-132.3255099846317,-0.07222001999616623,1.0,s005_ref,0,173.7104555,18.27479133,"{""type"":""MultiPoint"",""coordinates"":[]}"
1_1_2_LE07_060012_20080917_0,576.7499999999998,1,479.4000000000001,418.35000000000014,963.675,322.0999999999999,274.39348172,194.22500000000008,54.0,0,2008-09-17,9.0,68.42509020521814,-132.20318998438606,-0.19625702500343323,1.0,s005,0,171.95866075,23.3466517,"{""type"":""MultiPoint"",""coordinates"":[]}"
1_1_2_LE07_060012_20090531_0,594.6249999999998,8,514.3249999999999,513.2249999999999,557.2250000000001,325.125,283.8237989,258.57500000000005,25.0,4,2009-05-31,9.0,68.42509020521814,-132.20318998438606,-0.18479283154010773,32.0,s005,0,170.13295886,43.50046594,"{""type"":""MultiPoint"",""coordinates"":[]}"
1_1_2_LE07_060012_20100603_0,503.0499999999999,1,420.55000000000007,379.02500000000003,504.14999999999986,127.67499999999987,284.14167476,33.350000000000044,30.0,0,2010-06-03,9.0,68.42509020521814,-132.20318998438606,-0.5342240929603577,32.0,s005,0,170.59002431,43.87877819,"{""type"":""MultiPoint"",""coordinates"":[]}"
1_1_2_LE07_060012_20100923_1,1425.4,8,1042.325,880.0750000000002,722.4999999999998,147.47499999999997,271.42664035999996,162.04999999999998,65.0,0,2010-09-23,9.0,68.38263020514366,-132.3255099846317,-0.7287130355834961,32.0,s005_ref,0,173.70438103,21.3295282,"{""type"":""MultiPoint"",""coordinates"":[]}"
1_1_2_LE07_060012_20140716_0,463.45,1,551.9999999999997,462.0749999999999,1337.4000000000003,541.5500000000001,288.90981266,229.97500000000005,85.0,56,2014-07-16,9.0,68.42509020521814,-132.20318998438606,-0.009556032717227936,1.0,s005,0,169.90797364,42.73973299,"{""type"":""MultiPoint"",""coordinates"":[]}"
1_1_2_LE07_060012_20150516_0,1634.1250000000002,1,1630.8250000000003,1671.2500000000002,1821.4000000000003,653.1999999999999,277.33639694,431.0,22.0,82,2015-05-16,9.0,68.42509020521814,-132.20318998438606,-0.42802727222442627,2.0,s005,19,173.73745627,40.80145775,"{""type"":""MultiPoint"",""coordinates"":[]}"
1_1_2_LE07_060012_20150703_0,301.4749999999999,1,405.15,314.1250000000001,1160.85,380.67500000000007,294.26926802,228.32500000000005,25.0,0,2015-07-03,9.0,68.42509020521814,-132.20318998438606,-0.03114561177790165,1.0,s005,0,171.03518483,44.46156597,"{""type"":""MultiPoint"",""coordinates"":[]}"
1_1_2_LE07_060012_20160705_0,182.40000000000006,1,288.27500000000003,206.59999999999985,428.8,182.40000000000006,297.55740326,48.74999999999991,31.0,0,2016-07-05,9.0,68.42509020521814,-132.20318998438606,-0.2249429076910019,32.0,s005,0,171.82761544,44.24101045,"{""type"":""MultiPoint"",""coordinates"":[]}"
1_1_2_LE07_060012_20160806_0,339.975,2,518.1750000000002,562.1749999999997,1193.575,473.07500000000005,288.77650988,210.86249999999987,0.0,0,2016-08-06,9.0,68.42509020521814,-132.20318998438606,-0.04549810662865639,1.0,s005,0,171.97506773,37.95502599,"{""type"":""MultiPoint"",""coordinates"":[]}"
1_1_2_LE07_060012_20160923_0,186.25000000000003,7,209.9000000000001,159.02499999999986,280.3,154.90000000000003,281.50638133999996,168.37500000000006,86.0,0,2016-09-23,9.0,68.42509020521814,-132.20318998438606,-0.15204598330368146,32.0,s005,0,176.60460783,21.20093438,"{""type"":""MultiPoint"",""coordinates"":[]}"
1_1_2_LE07_060012_20161009_0,856.4250000000001,7,828.9249999999998,823.6999999999999,1130.3249999999998,519.2750000000002,272.64687349999997,317.69999999999993,59.0,0,2016-10-09,9.0,68.42509020521814,-132.20318998438606,-0.22967660427093506,1.0,s005,0,178.02137809,15.04525613,"{""type"":""MultiPoint"",""coordinates"":[]}"
1_1_2_LE07_060012_20170521_0,1097.8749999999998,19,1194.675,1255.175,1573.6250000000002,608.0999999999998,283.93659356,358.9500000000001,28.0,19,2017-05-21,9.0,68.42509020521814,-132.20318998438606,-0.25285324454307556,4.0,s005,0,174.51720543,42.00150435,"{""type"":""MultiPoint"",""coordinates"":[]}"
1_1_2_LE07_060012_20190730_0,446.81250000000006,2,664.1999999999998,660.625,1393.5,548.2874999999998,289.58145359,265.31249999999994,0.0,0,2019-07-30,9.0,68.42509020521814,-132.20318998438606,-0.0957076158374548,1.0,s005,0,166.81522727,39.66640209,"{""type"":""MultiPoint"",""coordinates"":[]}"
1_1_2_LE07_060012_20210719_0,475.825,2,573.0375000000001,597.2375,1466.2375,494.525,291.85101886999996,162.59999999999997,8.0,0,2021-07-19,9.0,68.42509020521814,-132.20318998438606,-0.07379200682044029,1.0,s005,0,152.34792822,40.39624959,"{""type"":""MultiPoint"",""coordinates"":[]}"
1_1_2_LE07_060012_20210804_0,315.7750000000001,1,490.4,500.8499999999999,1371.225,488.4749999999999,291.96552254,270.4000000000001,9.0,0,2021-08-04,9.0,68.42509020521814,-132.20318998438606,-0.001966543262824416,1.0,s005,0,152.87114032,36.73785686,"{""type"":""MultiPoint"",""coordinates"":[]}"
1_1_2_LE07_060012_20220706_0,635.3249999999999,6,706.5500000000002,596.275,1624.2250000000004,601.775,296.60377568,273.9749999999999,40.0,0,2022-07-06,9.0,68.42509020521814,-132.20318998438606,-0.055612191557884216,1.0,s005,0,142.16435027,40.66248119,"{""type"":""MultiPoint"",""coordinates"":[]}"
1_1_2_LE07_060012_20220826_0,281.95,1,420.55000000000007,380.12500000000006,1166.9,412.02500000000003,290.59831454,217.05,46.0,0,2022-08-26,9.0,68.42509020521814,-132.20318998438606,-0.010239318013191223,1.0,s005,0,145.11966036,28.48268819,"{""type"":""MultiPoint"",""coordinates"":[]}"
1_1_2_LE07_060012_20220929_0,1568.95,4,1237.3000000000002,1018.125,1146.2749999999999,277.8249999999999,272.05897405999997,35.550000000000026,21.0,104,2022-09-29,9.0,68.42509020521814,-132.20318998438606,-0.6286660134792328,4.0,s005,110,150.04442731,16.29932986,"{""type"":""MultiPoint"",""coordinates"":[]}"
1_1_2_LE07_060012_20230629_0,213.75000000000006,3,231.34999999999988,162.04999999999998,655.1249999999998,142.525,294.89134766,157.92499999999987,6.0,78,2023-06-29,9.0,68.42509020521814,-132.20318998438606,-0.13797344267368317,4.0,s005,0,131.36096523,38.88977725,"{""type"":""MultiPoint"",""coordinates"":[]}"
1_1_2_LE07_060012_20230721_0,370.9124999999999,2,566.025,552.6875,1098.4250000000002,361.83749999999986,298.81694363,244.55000000000007,3.0,0,2023-07-21,9.0,68.42509020521814,-132.20318998438606,-0.2218901365995407,1.0,s005,0,130.8834935,35.83665147,"{""type"":""MultiPoint"",""coordinates"":[]}"
1_1_2_LE07_061012_20040625_0,804.5874999999999,4,800.875,645.3625,1505.5624999999998,531.6500000000002,300.61311314,289.5125,4.0,0,2004-06-25,9.0,68.42509020521814,-132.20318998438606,-0.20187467336654663,1.0,s005,0,167.79744339,44.71622532,"{""type"":""MultiPoint"",""coordinates"":[]}"
1_1_2_LE07_061012_20040625_1,838.5500000000002,1,839.0999999999998,633.6750000000002,1994.375,797.3000000000002,301.82992826,408.99999999999994,4.0,0,2004-06-25,9.0,68.38263020514366,-132.3255099846317,-0.025543875992298126,1.0,s005_ref,0,167.79744339,44.71622532,"{""type"":""MultiPoint"",""coordinates"":[]}"
1_1_2_LE07_061012_20090623_0,388.37499999999994,1,483.25000000000006,418.35000000000014,1019.775,479.9500000000001,293.68136858,193.1250000000001,13.0,0,2009-06-23,9.0,68.42509020521814,-132.20318998438606,-0.003426079638302326,1.0,s005,0,168.5290313,44.81104868,"{""type"":""MultiPoint"",""coordinates"":[]}"
1_1_2_LE07_061012_20110528_1,627.3499999999999,3,679.05,724.4250000000002,1009.0500000000002,630.925,288.92006672,384.525,4.0,105,2011-05-28,9.0,68.38263020514366,-132.3255099846317,-0.036737341433763504,2.0,s005_ref,0,171.39781279,43.04255655,"{""type"":""MultiPoint"",""coordinates"":[]}"
1_1_2_LE07_061012_20110731_1,1689.675,28,1659.425,1601.4,1949.2749999999999,493.4250000000001,253.26670009999998,325.125,27.0,10,2011-07-31,9.0,68.38263020514366,-132.3255099846317,-0.5588822960853577,2.0,s005_ref,0,168.79684259,39.58932366,"{""type"":""MultiPoint"",""coordinates"":[]}"
1_1_2_LE07_061012_20111003_0,523.6750000000001,1,572.9000000000001,547.5999999999998,973.5749999999998,450.80000000000007,277.26461852,380.9499999999999,13.0,0,2011-10-03,9.0,68.42509020521814,-132.20318998438606,-0.11927322298288345,1.0,s005,0,174.95578888,17.57281223,"{""type"":""MultiPoint"",""coordinates"":[]}"
1_1_2_LE07_061012_20130602_0,508.54999999999984,7,518.4499999999997,520.1,972.75,394.9749999999999,282.68218021999996,239.32499999999996,4.0,1,2013-06-02,9.0,68.42509020521814,-132.20318998438606,-0.13517804443836212,1.0,s005,0,171.74128862,43.83606393,"{""type"":""MultiPoint"",""coordinates"":[]}"
1_1_2_LE07_061012_20130602_1,1689.1250000000002,1,1477.925,1436.1249999999998,1611.0249999999999,706.2750000000001,282.29594396,420.55000000000007,4.0,100,2013-06-02,9.0,68.38263020514366,-132.3255099846317,-0.3532872498035431,2.0,s005_ref,11,171.74128862,43.83606393,"{""type"":""MultiPoint"",""coordinates"":[]}"
1_1_2_LE07_061012_20130704_1,427.4249999999999,2,396.90000000000003,274.5249999999999,1144.3500000000001,394.70000000000005,288.85512434,243.7249999999999,66.0,0,2013-07-04,9.0,68.38263020514366,-132.3255099846317,-0.0027791813481599092,4.0,s005_ref,0,169.55239425,44.24964396,"{""type"":""MultiPoint"",""coordinates"":[]}"
1_1_2_LE07_061012_20130906_0,460.7,1,529.4500000000002,633.4000000000001,1184.5,488.20000000000005,284.88680311999997,246.47499999999988,13.0,0,2013-09-06,9.0,68.42509020521814,-132.20318998438606,-0.04053456336259842,1.0,s005,0,172.79910344,27.72828503,"{""type"":""MultiPoint"",""coordinates"":[]}"
1_1_2_LE07_061012_20131008_0,577.0249999999999,5,357.025,450.80000000000007,369.1249999999999,173.32500000000002,272.6297834,75.69999999999993,55.0,0,2013-10-08,9.0,68.42509020521814,-132.20318998438606,-0.34637503535401143,32.0,s005,0,176.2397987,15.5029223,"{""type"":""MultiPoint"",""coordinates"":[]}"
1_1_2_LE07_061012_20131008_1,456.3,1,460.7,345.19999999999993,612.2250000000001,397.7249999999999,272.62636538,194.7750000000001,55.0,0,2013-10-08,9.0,68.38263020514366,-132.3255099846317,-0.0733610987663269,4.0,s005_ref,0,176.2397987,15.5029223,"{""type"":""MultiPoint"",""coordinates"":[]}"
1_1_2_LE07_061012_20140605_0,308.0749999999999,1,360.32499999999993,364.1749999999999,442.27500000000003,149.95000000000007,287.08458998000003,158.47499999999985,37.0,0,2014-06-05,9.0,68.42509020521814,-132.20318998438606,-0.41227769340061704,32.0,s005,0,172.15422739,44.17918861,"{""type"":""MultiPoint"",""coordinates"":[]}"
1_1_2_LE07_061012_20140925_0,620.2000000000002,48,494.24999999999994,425.2249999999999,816.0000000000001,467.57500000000005,275.19671642000003,231.8999999999999,35.0,0,2014-09-25,9.0,68.42509020521814,-132.20318998438606,-0.07568898707130674,4.0,s005,0,175.51409317,20.60472572,"{""type"":""MultiPoint"",""coordinates"":[]}"
1_1_2_LE07_061012_20140925_1,695.4125,6,618.1375,532.0625000000001,1000.8000000000001,551.9999999999997,275.19500741,365.27500000000003,35.0,0,2014-09-25,9.0,68.38263020514366,-132.3255099846317,-0.02192685194313526,4.0,s005_ref,0,175.51409317,20.60472572,"{""type"":""MultiPoint"",""coordinates"":[]}"
1_1_2_LE07_061012_20160813_0,296.525,2,537.6999999999998,591.3249999999998,1242.2499999999998,393.05000000000007,294.30686624,199.72500000000005,34.0,0,2016-08-13,9.0,68.42509020521814,-132.20318998438606,-0.15541230142116547,1.0,s005,0,172.44092658,35.90880882,"{""type"":""MultiPoint"",""coordinates"":[]}"
1_1_2_LE07_061012_20170528_1,547.3250000000002,1,821.5,851.75,1001.0750000000002,583.6249999999999,286.11729032,382.875,3.0,100,2017-05-28,9.0,68.38263020514366,-132.3255099846317,-0.16929098963737488,2.0,s005_ref,3,174.2292896,43.2324834,"{""type"":""MultiPoint"",""coordinates"":[]}"
1_1_2_LE07_061012_20180920_0,650.9999999999999,3,749.725,907.0250000000002,1009.0500000000002,509.92499999999995,274.26359696,375.7250000000001,1.0,0,2018-09-20,9.0,68.42509020521814,-132.20318998438606,-0.1903703361749649,1.0,s005,0,174.80751267,22.49439183,"{""type"":""MultiPoint"",""coordinates"":[]}"
1_1_2_LE07_061012_20181006_0,1288.725,4,1154.25,963.675,1597.0,381.225,265.8108335,186.25000000000003,1.0,95,2018-10-06,9.0,68.42509020521814,-132.20318998438606,-0.5034435391426086,4.0,s005,74,176.30394177,16.32585537,"{""type"":""MultiPoint"",""coordinates"":[]}"
1_1_2_LE07_061012_20181006_1,1553.275,11,1347.025,1384.4250000000002,1813.4250000000002,691.425,266.79522326,404.8750000000001,1.0,0,2018-10-06,9.0,68.38263020514366,-132.3255099846317,-0.35295425035385497,4.0,s005_ref,120,176.30394177,16.32585537,"{""type"":""MultiPoint"",""coordinates"":[]}"
1_1_2_LE07_061012_20190822_0,404.04999999999995,6,516.2499999999998,455.20000000000005,1093.0625,455.4749999999999,282.77104873999997,224.0625,65.0,0,2019-08-22,9.0,68.42509020521814,-132.20318998438606,-0.06254341453313828,1.0,s005,0,168.29116033,32.98059804,"{""type"":""MultiPoint"",""coordinates"":[]}"
1_1_2_LE07_061012_20190822_1,1153.15,24,1150.3999999999999,1103.925,1818.3749999999998,919.6749999999998,280.58009791999996,492.87499999999983,65.0,0,2019-08-22,9.0,68.38263020514366,-132.3255099846317,-0.13509751856327057,4.0,s005_ref,0,168.29116033,32.98059804,"{""type"":""MultiPoint"",""coordinates"":[]}"
1_1_2_LE07_061012_20200605_1,311.65,1,311.92499999999984,257.74999999999994,372.97500000000014,273.15000000000003,286.31553548,155.45000000000005,36.0,0,2020-06-05,9.0,68.38263020514366,-132.3255099846317,-0.06627355515956879,4.0,s005_ref,0,163.68227328,43.67407454,"{""type"":""MultiPoint"",""coordinates"":[]}"
1_1_2_LE07_061012_20200824_0,271.22499999999997,1,392.7749999999999,330.62499999999994,1189.4500000000003,380.3999999999999,291.49383578,161.77499999999984,3.0,0,2020-08-24,9.0,68.42509020521814,-132.20318998438606,-0.01600543223321438,1.0,s005,0,162.8213028,31.58708422,"{""type"":""MultiPoint"",""coordinates"":[]}"
1_1_2_LE07_061012_20210710_0,537.975,1,764.8500000000003,806.3749999999998,1260.3999999999999,609.1999999999997,290.72136326,403.49999999999994,37.0,0,2021-07-10,9.0,68.42509020521814,-132.20318998438606,-0.11327826231718063,1.0,s005,0,152.49628258,41.87840094,"{""type"":""MultiPoint"",""coordinates"":[]}"
1_1_2_LE07_061012_20210811_0,617.1749999999998,1,744.5000000000001,665.85,1495.8,493.4250000000001,284.80135262,302.8500000000001,29.0,0,2021-08-11,9.0,68.42509020521814,-132.20318998438606,-0.20281922817230225,1.0,s005,0,153.39005614,34.78114827,"{""type"":""MultiPoint"",""coordinates"":[]}"
1_1_2_LE07_061012_20210827_0,495.6250000000001,1,528.3500000000003,630.1000000000001,1047.825,458.5,284.61336152,293.4999999999999,23.0,0,2021-08-27,9.0,68.42509020521814,-132.20318998438606,-0.07078076899051666,1.0,s005,0,155.08017481,29.70190516,"{""type"":""MultiPoint"",""coordinates"":[]}"
1_1_2_LE07_061012_20230726_0,562.725,2,750.275,682.4875,1692.975,670.5249999999999,298.17093785,242.48749999999998,32.0,0,2023-07-26,9.0,68.42509020521814,-132.20318998438606,-0.05767183564603329,4.0,s005,0,131.06629455,34.79227917,"{""type"":""MultiPoint"",""coordinates"":[]}"
1_1_2_LE07_062012_20010624_0,167.54999999999993,10,166.44999999999993,116.12499999999997,219.79999999999998,161.49999999999997,287.50842446,82.84999999999987,0.0,0,2001-06-24,9.0,68.42509020521814,-132.20318998438606,-0.08062335103750229,36.0,s005,0,168.12127133,44.76178021,"{""type"":""MultiPoint"",""coordinates"":[]}"
1_1_2_LE07_062012_20010928_0,221.45,1,401.5749999999999,412.2999999999999,982.3749999999998,396.0749999999999,273.37832978,302.30000000000007,52.0,0,2001-09-28,9.0,68.42509020521814,-132.20318998438606,-0.006895254831761122,1.0,s005,0,173.14569071,19.27775638,"{""type"":""MultiPoint"",""coordinates"":[]}"
1_1_2_LE07_062012_20010928_1,655.3999999999999,1,757.7,563.2749999999997,914.1749999999998,695.8249999999999,270.60289754,490.67499999999984,52.0,3,2001-09-28,9.0,68.38263020514366,-132.3255099846317,-0.04256892576813698,4.0,s005_ref,0,173.14569071,19.27775638,"{""type"":""MultiPoint"",""coordinates"":[]}"
1_1_2_LE07_062012_20040702_0,457.40000000000003,3,512.9499999999998,412.2999999999999,1126.7500000000002,401.3,292.58760218,219.79999999999998,0.0,0,2004-07-02,9.0,68.42509020521814,-132.20318998438606,-0.11697261035442352,1.0,s005,0,167.3908673,44.28817034,"{""type"":""MultiPoint"",""coordinates"":[]}"
1_1_2_LE07_062012_20070625_0,303.12499999999994,3,325.9499999999999,267.92499999999995,763.4750000000001,287.99999999999994,288.30482312000004,164.24999999999994,35.0,20,2007-06-25,9.0,68.42509020521814,-132.20318998438606,-0.0711974110032366,4.0,s005,0,168.12732371,44.75723983,"{""type"":""MultiPoint"",""coordinates"":[]}"
1_1_2_LE07_062012_20070929_0,691.9750000000003,5,649.075,568.225,1192.4750000000001,464.8250000000001,273.64835336,244.55000000000004,8.0,0,2007-09-29,9.0,68.42509020521814,-132.20318998438606,-0.16540981829166412,1.0,s005,0,173.50455526,19.04201131,"{""type"":""MultiPoint"",""coordinates"":[]}"
1_1_2_LE07_062012_20070929_1,893.8249999999997,11,817.3750000000002,761.5499999999997,1189.725,641.6499999999997,273.3646577,430.45,8.0,0,2007-09-29,9.0,68.38263020514366,-132.3255099846317,-0.08455049991607666,4.0,s005_ref,0,173.50455526,19.04201131,"{""type"":""MultiPoint"",""coordinates"":[]}"
1_1_2_LE07_062012_20080830_0,765.9500000000003,30,689.7750000000002,685.925,1073.1249999999998,613.6000000000003,276.0819836,357.29999999999984,38.0,8,2008-08-30,9.0,68.42509020521814,-132.20318998438606,-0.058444421738386154,4.0,s005,0,169.82287311,30.02046291,"{""type"":""MultiPoint"",""coordinates"":[]}"
1_1_2_LE07_062012_20080830_1,803.625,8,790.6999999999997,775.575,1457.5749999999998,652.0999999999999,277.2953807,357.025,38.0,0,2008-08-30,9.0,68.38263020514366,-132.3255099846317,-0.07226965576410294,1.0,s005_ref,0,169.82287311,30.02046291,"{""type"":""MultiPoint"",""coordinates"":[]}"
1_1_2_LE07_062012_20080915_0,732.3999999999997,5,701.6,652.0999999999999,1298.9,606.175,275.25824078,289.0999999999999,34.0,0,2008-09-15,9.0,68.42509020521814,-132.20318998438606,-0.07296744734048843,1.0,s005,0,171.71917876,24.10962896,"{""type"":""MultiPoint"",""coordinates"":[]}"
1_1_2_LE07_062012_20080915_1,641.9249999999998,1,560.2499999999999,529.7249999999998,982.3749999999998,412.2999999999999,274.58830886,338.3249999999999,34.0,0,2008-09-15,9.0,68.38263020514366,-132.3255099846317,-0.15212585031986237,1.0,s005_ref,0,171.71917876,24.10962896,"{""type"":""MultiPoint"",""coordinates"":[]}"
1_1_2_LE07_062012_20090529_0,1399.0,4,1399.55,1394.3250000000003,1590.675,560.6625,283.05987143,360.32499999999993,2.0,71,2009-05-29,9.0,68.42509020521814,-132.20318998438606,-0.3942137807607651,2.5,s005,2,170.25071377,43.21949235,"{""type"":""MultiPoint"",""coordinates"":[]}"
1_1_2_LE07_062012_20100820_1,255.2750000000001,1,192.29999999999998,135.92500000000007,488.75,137.29999999999993,284.80477064,129.32499999999985,72.0,0,2010-08-20,9.0,68.38263020514366,-132.3255099846317,-0.1668689250946045,4.0,s005_ref,0,169.88366996,33.71385924,"{""type"":""MultiPoint"",""coordinates"":[]}"
1_1_2_LE07_062012_20130609_0,757.1499999999997,1,732.95,804.4499999999999,1037.1000000000001,638.0750000000002,280.98000626,460.97499999999985,53.0,38,2013-06-09,9.0,68.42509020521814,-132.20318998438606,-0.0692000538110733,1.0,s005,0,171.24930778,44.52470002,"{""type"":""MultiPoint"",""coordinates"":[]}"
1_1_2_LE07_062012_20140527_0,478.85000000000014,1,511.5750000000002,637.5249999999999,782.175,480.5000000000001,284.99959778,352.3499999999999,30.0,115,2014-05-27,9.0,68.42509020521814,-132.20318998438606,-0.03132323665045495,2.0,s005,0,172.66998308,42.98307826,"{""type"":""MultiPoint"",""coordinates"":[]}"
1_1_2_LE07_062012_20150701_0,502.4999999999999,2,535.3625000000002,365.55000000000007,1307.8375,481.05000000000007,297.32155988,214.43749999999997,17.0,0,2015-07-01,9.0,68.42509020521814,-132.20318998438606,-0.05425448901951313,1.0,s005,0,171.13884187,44.61804394,"{""type"":""MultiPoint"",""coordinates"":[]}"
1_1_2_LE07_062012_20160617_0,663.9250000000002,33,712.875,649.6249999999998,1152.5999999999997,656.4999999999999,278.09519738,392.50000000000006,46.0,0,2016-06-17,9.0,68.42509020521814,-132.20318998438606,-0.03746938150642975,1.0,s005,0,172.93491656,45.01119892,"{""type"":""MultiPoint"",""coordinates"":[]}"
1_1_2_LE07_062012_20170519_0,1643.75,2,1721.3,1649.2499999999998,2043.3250000000003,520.6499999999997,279.14794754,298.4500000000001,24.0,132,2017-05-19,9.0,68.42509020521814,-132.20318998438606,-0.5355382591047972,2.0,s005,77,174.57629688,41.5950095,"{""type"":""MultiPoint"",""coordinates"":[]}"
1_1_2_LE07_062012_20170722_0,438.2875,2,632.4374999999999,596.1374999999999,1216.8125,496.5875,287.35632257,304.36249999999995,84.0,0,2017-07-22,9.0,68.42509020521814,-132.20318998438606,-0.12713103368878365,1.0,s005,0,171.46391022,41.64134423,"{""type"":""MultiPoint"",""coordinates"":[]}"
1_1_2_LE07_062012_20180607_0,308.0749999999999,1,311.37499999999983,380.9499999999999,361.7000000000001,163.69999999999996,284.81844272,227.77500000000006,15.0,0,2018-06-07,9.0,68.42509020521814,-132.20318998438606,-0.31084564328193665,32.0,s005,0,172.67604638,44.38391954,"{""type"":""MultiPoint"",""coordinates"":[]}"
1_1_2_LE07_062012_20190728_0,460.8375000000001,4,691.425,730.75,1347.025,542.6500000000001,294.84862240999996,248.26249999999993,3.0,0,2019-07-28,9.0,68.42509020521814,-132.20318998438606,-0.10137606412172318,1.0,s005,0,166.75706041,40.14157002,"{""type"":""MultiPoint"",""coordinates"":[]}"
1_1_2_LE07_062012_20200527_0,1698.2000000000003,3,1668.775,1713.6000000000001,2126.65,683.1749999999997,279.79395332,409.27500000000003,4.0,60,2020-05-27,9.0,68.42509020521814,-132.20318998438606,-0.4381091296672821,2.0,s005,13,164.47218101,42.54315104,"{""type"":""MultiPoint"",""coordinates"":[]}"
1_1_2_LE07_062012_20200612_0,388.6500000000001,1,461.25,471.975,615.8000000000002,382.5999999999999,291.98944868,372.97500000000014,20.0,125,2020-06-12,9.0,68.42509020521814,-132.20318998438606,-0.09320376813411713,2.0,s005,0,163.02515458,44.1758078,"{""type"":""MultiPoint"",""coordinates"":[]}"
1_1_2_LE07_062012_20200730_0,897.3999999999999,16,998.0499999999997,814.9000000000001,2051.025,761.0,293.6335163,356.1999999999999,8.0,0,2020-07-30,9.0,68.42509020521814,-132.20318998438606,-0.13462495803833008,1.0,s005,0,160.94124181,38.9719226,"{""type"":""MultiPoint"",""coordinates"":[]}"
1_1_2_LE07_062012_20210717_0,315.7750000000001,1,415.325,421.92499999999995,1083.575,411.7499999999999,296.57643152,245.9249999999999,11.0,0,2021-07-17,9.0,68.42509020521814,-132.20318998438606,-0.004322461783885956,1.0,s005,0,152.34911631,40.7634879,"{""type"":""MultiPoint"",""coordinates"":[]}"
1_1_2_LE07_062012_20211005_1,1561.8,3,1437.775,1284.8749999999998,1665.2,499.74999999999994,269.19125528,307.52499999999986,28.0,25,2021-10-05,9.0,68.38263020514366,-132.3255099846317,-0.452591210603714,1.0,s005_ref,66,159.92876701,15.36798079,"{""type"":""MultiPoint"",""coordinates"":[]}"
1_1_2_LE07_062012_20230709_0,303.95000000000005,1,508.0000000000001,523.9500000000003,1259.575,412.8499999999999,296.46705488,198.62500000000006,4.0,0,2023-07-09,9.0,68.42509020521814,-132.20318998438606,-0.10332844406366348,1.0,s005,0,130.88307849,37.83913365,"{""type"":""MultiPoint"",""coordinates"":[]}"
1_1_2_LE07_062012_20230805_0,513.6375000000002,4,624.0499999999998,533.9875,1341.525,496.99999999999994,292.78072031,237.67499999999995,2.0,0,2023-08-05,9.0,68.42509020521814,-132.20318998438606,-0.1312471143901348,1.0,s005,0,131.77084972,32.3777876,"{""type"":""MultiPoint"",""coordinates"":[]}"
1_1_2_LE07_062012_20230805_1,539.3500000000001,2,600.95,436.2249999999999,1375.4875,555.5749999999998,294.04026067999996,236.575,2.0,0,2023-08-05,9.0,68.38263020514366,-132.3255099846317,-0.03892478346824646,1.0,s005_ref,0,131.77084972,32.3777876,"{""type"":""MultiPoint"",""coordinates"":[]}"
1_1_2_LE07_062012_20230827_0,658.8374999999999,2,808.4375,823.4249999999998,1214.3374999999996,772.8249999999998,279.43506121999997,488.75,81.0,0,2023-08-27,9.0,68.42509020521814,-132.20318998438606,-0.02235300885513425,1.0,s005,0,134.47764284,25.84720921,"{""type"":""MultiPoint"",""coordinates"":[]}"
1_1_2_LE07_063012_20000612_0,419.4500000000001,1,471.975,539.6250000000002,626.2499999999999,383.6999999999999,285.06112214,312.75,4.0,115,2000-06-12,9.0,68.42509020521814,-132.20318998438606,-0.10316416621208191,2.0,s005,0,169.68761813,44.65982872,"{""type"":""MultiPoint"",""coordinates"":[]}"
1_1_2_LE07_063012_20000612_1,516.3875000000002,6,579.9124999999999,646.7375000000001,762.2375000000001,495.34999999999997,283.74347543,341.62499999999983,4.0,123,2000-06-12,9.0,68.38263020514366,-132.3255099846317,-0.029138315469026566,2.0,s005_ref,30,169.68761813,44.65982872,"{""type"":""MultiPoint"",""coordinates"":[]}"
1_1_2_LE07_063012_20040607_0,710.6750000000001,8,812.1499999999999,849.8250000000002,1023.3500000000001,664.1999999999998,275.71625546,458.2249999999999,9.0,0,2004-06-07,9.0,68.42509020521814,-132.20318998438606,-0.07891066372394562,1.0,s005,0,169.10552186,44.27904405,"{""type"":""MultiPoint"",""coordinates"":[]}"
1_1_2_LE07_063012_20040607_1,966.9749999999999,1,1052.5,1133.075,1264.7999999999997,663.9250000000002,271.27624748,487.3749999999999,9.0,124,2004-06-07,9.0,68.38263020514366,-132.3255099846317,-0.22638623416423798,2.0,s005_ref,0,169.10552186,44.27904405,"{""type"":""MultiPoint"",""coordinates"":[]}"
1_1_2_LE07_063012_20040826_0,272.05000000000007,2,184.3249999999999,65.25000000000003,276.1749999999999,181.30000000000007,278.71044098,132.89999999999995,74.0,0,2004-08-26,9.0,68.42509020521814,-132.20318998438606,-0.008273504674434662,4.0,s005,0,169.38959149,31.45907612,"{""type"":""MultiPoint"",""coordinates"":[]}"
1_1_2_LE07_063012_20060528_0,819.3000000000001,76,690.9019299499643,560.3877690802349,714.2500000000001,372.97500000000014,279.66748657999995,157.65,5.0,0,2006-05-28,9.0,68.42509020521814,-132.20318998438606,-0.348488986492157,4.0,s005,0,170.0020451,43.02748274,"{""type"":""MultiPoint"",""coordinates"":[]}"
1_1_2_LE07_063012_20060528_1,1551.625,8,1400.5125000000003,1355.5500000000002,1413.3000000000002,599.8499999999998,278.48485166,388.65,5.0,14,2006-05-28,9.0,68.38263020514366,-132.3255099846317,-0.4053671509027481,4.0,s005_ref,27,170.0020451,43.02748274,"{""type"":""MultiPoint"",""coordinates"":[]}"
1_1_2_LE07_063012_20071006_1,1653.6499999999999,1,1521.1000000000001,1607.725,2066.7000000000003,597.6500000000001,266.26884817999996,429.35,31.0,0,2007-10-06,9.0,68.38263020514366,-132.3255099846317,-0.43584659695625305,4.0,s005_ref,89,174.29604034,16.37664421,"{""type"":""MultiPoint"",""coordinates"":[]}"
1_1_2_LE07_063012_20110526_1,914.1749999999998,3,1130.875,1168.825,1448.7749999999999,592.975,287.55969475999996,378.74999999999994,2.0,40,2011-05-26,9.0,68.38263020514366,-132.3255099846317,-0.34305498003959656,2.0,s005_ref,1,171.50650126,42.71482922,"{""type"":""MultiPoint"",""coordinates"":[]}"
1_1_2_LE07_063012_20120528_1,916.6500000000003,2,979.2124999999999,953.0875,1105.025,635.3249999999999,281.77127788999996,393.4625,6.0,90,2012-05-28,9.0,68.38263020514366,-132.3255099846317,-0.2075352033758825,2.0,s005_ref,6,171.62729031,43.18474123,"{""type"":""MultiPoint"",""coordinates"":[]}"
1_1_2_LE07_063012_20121003_0,152.9749999999999,1,242.90000000000006,267.375,429.9,126.57499999999987,275.8427222,68.55,34.0,0,2012-10-03,9.0,68.42509020521814,-132.20318998438606,-0.31483861804008484,32.0,s005,0,175.75855861,17.31412361,"{""type"":""MultiPoint"",""coordinates"":[]}"
1_1_2_LE07_063012_20130531_0,1566.75,3,1472.425,1558.4999999999998,1936.9000000000003,677.1250000000001,280.94924407999997,346.5750000000001,21.0,97,2013-05-31,9.0,68.42509020521814,-132.20318998438606,-0.37067711353302,2.0,s005,20,171.8626245,43.57994935,"{""type"":""MultiPoint"",""coordinates"":[]}"
1_1_2_LE07_063012_20130531_1,1685.5500000000002,1,1559.6,1477.6499999999999,1669.875,645.7750000000001,278.83690772,314.94999999999993,21.0,128,2013-05-31,9.0,68.38263020514366,-132.3255099846317,-0.4143626367397834,2.0,s005_ref,12,171.8626245,43.57994935,"{""type"":""MultiPoint"",""coordinates"":[]}"
1_1_2_LE07_063012_20130904_0,352.07500000000005,1,566.8499999999999,567.4000000000001,1098.4250000000002,490.4,285.63193148,215.1249999999999,69.0,0,2013-09-04,9.0,68.42509020521814,-132.20318998438606,-0.07231023907661438,1.0,s005,0,172.57051883,28.45827656,"{""type"":""MultiPoint"",""coordinates"":[]}"
1_1_2_LE07_063012_20131006_0,387.825,1,366.1,286.8999999999999,378.19999999999993,133.99999999999994,273.83976248,146.64999999999984,31.0,0,2013-10-06,9.0,68.42509020521814,-132.20318998438606,-0.4641071856021881,32.0,s005,0,176.06947627,16.25940173,"{""type"":""MultiPoint"",""coordinates"":[]}"
1_1_2_LE07_063012_20131006_1,128.22499999999988,40,128.77499999999986,87.52499999999996,149.95000000000007,113.64999999999986,272.2879814,61.12499999999993,31.0,0,2013-10-06,9.0,68.38263020514366,-132.3255099846317,-0.07550979405641556,32.0,s005_ref,0,176.06947627,16.25940173,"{""type"":""MultiPoint"",""coordinates"":[]}"
1_1_2_LE07_063012_20160624_0,462.0749999999999,6,679.325,733.0874999999997,1326.95,633.4000000000001,293.97873632,282.5,23.0,0,2016-06-24,9.0,68.42509020521814,-132.20318998438606,-0.03745811618864536,1.0,s005,0,172.45142345,44.97181535,"{""type"":""MultiPoint"",""coordinates"":[]}"
1_1_2_LE07_063012_20160726_0,374.6250000000001,1,484.07499999999993,471.6999999999999,1173.225,475.275,288.22962668,245.65000000000003,17.0,0,2016-07-26,9.0,68.42509020521814,-132.20318998438606,-0.009172877296805382,1.0,s005,0,171.5521537,40.7317148,"{""type"":""MultiPoint"",""coordinates"":[]}"
1_1_2_LE07_063012_20160928_0,316.87500000000006,54,305.05000000000007,325.9499999999999,467.0250000000001,279.75,273.4671983,177.72499999999997,43.0,0,2016-09-28,9.0,68.42509020521814,-132.20318998438606,-0.0756966695189476,4.0,s005,0,177.0994509,19.25903999,"{""type"":""MultiPoint"",""coordinates"":[]}"
1_1_2_LE07_063012_20180529_0,695.2750000000002,2,631.2,675.4749999999998,1037.6499999999999,497.54999999999995,279.86573174,343.2750000000001,4.0,102,2018-05-29,9.0,68.42509020521814,-132.20318998438606,-0.11840531561461802,2.0,s005,0,173.27811128,43.30512761,"{""type"":""MultiPoint"",""coordinates"":[]}"
1_1_2_LE07_063012_20180529_1,892.7249999999998,2,957.3500000000001,962.5749999999999,1721.5750000000003,908.3999999999997,284.00153594,463.1750000000001,4.0,52,2018-05-29,9.0,68.38263020514366,-132.3255099846317,-0.026236098259687424,4.0,s005_ref,3,173.27811128,43.30512761,"{""type"":""MultiPoint"",""coordinates"":[]}"
1_1_2_LE07_063012_20180630_0,137.8499999999999,8,132.89999999999995,96.05000000000003,349.87500000000006,131.52499999999984,288.3014051,82.02500000000002,17.0,4,2018-06-30,9.0,68.42509020521814,-132.20318998438606,-0.005199962182093655,32.0,s005,0,170.96012973,44.63794349,"{""type"":""MultiPoint"",""coordinates"":[]}"
1_1_2_LE07_063012_20190703_1,186.8,3,241.52499999999992,185.97499999999988,540.7250000000003,217.8749999999999,293.01485468,112.54999999999987,27.0,48,2019-07-03,9.0,68.38263020514366,-132.3255099846317,-0.05261441320180893,4.0,s005_ref,0,167.28509852,44.2219151,"{""type"":""MultiPoint"",""coordinates"":[]}"
1_1_2_LE07_063012_20200603_1,1088.25,1,1239.5,1247.4750000000001,1534.5750000000003,724.1500000000001,284.5757633,484.62499999999994,1.0,90,2020-06-03,9.0,68.38263020514366,-132.3255099846317,-0.26244494318962097,2.0,s005_ref,0,163.87170267,43.47003275,"{""type"":""MultiPoint"",""coordinates"":[]}"
1_1_2_LE07_063012_20210521_0,757.1499999999997,3,870.1750000000003,979.3499999999999,1300.275,523.9500000000003,285.93613526,393.6000000000001,3.0,0,2021-05-21,9.0,68.42509020521814,-132.20318998438606,-0.2483457326889038,4.0,s005,0,156.8908381,40.64877314,"{""type"":""MultiPoint"",""coordinates"":[]}"
1_1_2_LE07_063012_20210708_1,248.1249999999999,5,277.8249999999999,212.37499999999991,846.7999999999997,253.0750000000001,295.26049381999997,146.09999999999985,28.0,0,2021-07-08,9.0,68.38263020514366,-132.3255099846317,-0.04661894962191582,4.0,s005_ref,0,152.58273183,42.14191975,"{""type"":""MultiPoint"",""coordinates"":[]}"
1_1_2_LE07_063012_20210724_0,298.17499999999995,1,499.74999999999994,455.20000000000005,1108.8750000000002,297.34999999999985,294.15647336,154.0749999999999,90.0,0,2021-07-24,9.0,68.42509020521814,-132.20318998438606,-0.25392046570777893,1.0,s005,0,152.40091825,39.38151816,"{""type"":""MultiPoint"",""coordinates"":[]}"
1_1_2_LE07_063012_20220704_0,344.09999999999997,3,454.9249999999999,388.10000000000014,1170.2,400.75,300.45930224,305.05000000000007,8.0,0,2022-07-04,9.0,68.42509020521814,-132.20318998438606,-0.11102484166622162,1.0,s005,0,142.25489562,40.88235649,"{""type"":""MultiPoint"",""coordinates"":[]}"
1_1_2_LE07_063012_20230531_1,307.8,18,305.3249999999999,270.4000000000001,420.275,183.2249999999999,287.28283514,127.95,32.0,0,2023-05-31,9.0,68.38263020514366,-132.3255099846317,-0.2499232441186905,32.0,s005_ref,0,134.41027141,38.31137404,"{""type"":""MultiPoint"",""coordinates"":[]}"
1_1_2_LE07_063012_20230810_0,1508.45,16,1439.15,1075.3249999999998,3213.9999999999995,973.0250000000001,290.71452722000004,302.57499999999993,42.0,38,2023-08-10,9.0,68.42509020521814,-132.20318998438606,-0.19079677760601044,2.0,s005,10,132.25944928,31.0266831,"{""type"":""MultiPoint"",""coordinates"":[]}"
1_2_LC08_060012_20130603_0,185.70000000000005,1,382.0499999999999,454.65000000000003,636.9750000000001,340.25,285.11922848,215.95000000000002,11.3,97,2013-06-03,,68.42509020521814,-132.20318998438606,-0.057870689779520035,192.0,s005,0,173.76353479,44.02553976,"{""type"":""MultiPoint"",""coordinates"":[]}"
1_2_LC08_061012_20150515_0,644.4,5,1658.0499999999997,1488.9249999999997,1859.075,374.9,275.76068972,355.09999999999985,8.24,141,2015-05-15,,68.42509020521814,-132.20318998438606,-0.5506300926208496,192.0,s005,0,173.67629314,40.55093101,"{""type"":""MultiPoint"",""coordinates"":[]}"
1_2_LC08_061012_20150702_0,68.13749999999993,2,287.0375,139.08749999999998,572.6249999999999,220.21249999999992,295.53393542000003,114.33749999999992,31.38,149,2015-07-02,,68.42509020521814,-132.20318998438606,-0.15609827125445008,192.0,s005,0,171.07332164,44.5286514,"{""type"":""MultiPoint"",""coordinates"":[]}"
1_2_LC08_061012_20150819_0,113.925,1,86.97499999999997,-17.524999999999903,56.72499999999997,35.550000000000026,280.53566365999995,26.47499999999997,89.44,149,2015-08-19,,68.42509020521814,-132.20318998438606,-0.419710248708725,198.0,s005,0,172.07862072,34.21397044,"{""type"":""MultiPoint"",""coordinates"":[]}"
1_2_LC08_061012_20160704_0,420.275,7,655.675,713.1500000000002,977.9749999999998,488.20000000000005,299.86114874,216.7749999999999,20.95,8,2016-07-04,,68.42509020521814,-132.20318998438606,-0.17151886224746704,96.0,s005,0,171.07556186,44.29276564,"{""type"":""MultiPoint"",""coordinates"":[]}"
1_2_LC08_061012_20160805_0,260.4999999999999,1,467.8499999999999,516.8000000000001,1157.0000000000002,451.62499999999994,284.58943538,249.5,75.43,135,2016-08-05,,68.42509020521814,-132.20318998438606,-0.0176459401845932,128.0,s005,0,171.19596614,38.18895825,"{""type"":""MultiPoint"",""coordinates"":[]}"
1_2_LC08_061012_20180726_0,288.82500000000005,3,477.1999999999998,526.4249999999998,643.3,399.65,299.36553584,163.97500000000008,45.16,6,2018-07-26,,68.42509020521814,-132.20318998438606,-0.08844158053398132,96.0,s005,0,170.57996033,40.78939359,"{""type"":""MultiPoint"",""coordinates"":[]}"
1_2_LC08_061012_20190713_0,200.82500000000005,1,317.1499999999999,295.14999999999986,542.0999999999998,294.04999999999984,297.10964264,174.14999999999986,17.45,1,2019-07-13,,68.42509020521814,-132.20318998438606,-0.037794504314661026,96.0,s005,0,170.79430747,43.27618834,"{""type"":""MultiPoint"",""coordinates"":[]}"
1_2_LC08_061012_20200528_0,-276.85000000000014,3,562.4499999999999,609.1999999999997,1450.6999999999998,510.2000000000001,283.84772504,418.62499999999994,5.04,149,2020-05-28,,68.42509020521814,-132.20318998438606,-0.10202435404062271,192.0,s005,0,173.33139427,43.2379283,"{""type"":""MultiPoint"",""coordinates"":[]}"
1_2_LC08_061012_20200528_1,932.0499999999998,1,1616.5249999999999,1453.7250000000001,2098.6,441.175,279.74268301999996,348.77500000000003,5.04,128,2020-05-28,,68.38263020514366,-132.3255099846317,-0.5711960196495056,192.0,s005_ref,0,173.33139427,43.2379283,"{""type"":""MultiPoint"",""coordinates"":[]}"
1_2_LC08_061012_20200613_0,200.27500000000003,5,293.225,303.40000000000003,544.0250000000002,276.1749999999999,297.83426288,194.49999999999994,11.6,0,2020-06-13,,68.42509020521814,-132.20318998438606,-0.044733837246894836,96.0,s005,0,172.34694063,44.83769758,"{""type"":""MultiPoint"",""coordinates"":[]}"
1_2_LC08_061012_20211006_0,411.7499999999999,4,351.93749999999994,-22.475000000000133,328.2874999999999,46.68749999999999,269.54502035,119.97499999999994,60.7,139,2021-10-06,,68.42509020521814,-132.20318998438606,-0.7739373743534088,198.0,s005,0,177.23382175,16.25189806,"{""type"":""MultiPoint"",""coordinates"":[]}"
1_2_LC08_061012_20211006_1,693.0750000000003,3,704.6249999999999,251.7,1050.3000000000002,152.9749999999999,269.08187864,165.62500000000009,60.7,125,2021-10-06,,68.38263020514366,-132.3255099846317,-0.6432486176490784,194.0,s005_ref,0,177.23382175,16.25189806,"{""type"":""MultiPoint"",""coordinates"":[]}"
1_2_LC08_061012_20230809_0,305.8749999999999,1,725.5250000000002,544.5749999999999,1214.2000000000003,680.9749999999998,298.67167778,303.12499999999994,0.13,151,2023-08-09,,68.42509020521814,-132.20318998438606,-0.03167437016963959,192.0,s005,0,171.32254426,37.25935983,"{""type"":""MultiPoint"",""coordinates"":[]}"
1_2_LC08_061012_20240608_0,274.80000000000007,19,385.075,489.5749999999999,468.3999999999999,275.35,292.10224334,185.70000000000005,48.95,0,2024-06-08,,68.42509020521814,-132.20318998438606,-0.18024151027202606,96.0,s005,0,172.52147962,44.52115198,"{""type"":""MultiPoint"",""coordinates"":[]}"
1_2_LC08_061012_20240608_1,157.10000000000002,3,253.6250000000001,343.8250000000001,257.4750000000001,200.27500000000003,293.13106736,143.625,48.95,7,2024-06-08,,68.38263020514366,-132.3255099846317,-0.11485553532838821,96.0,s005_ref,0,172.52147962,44.52115198,"{""type"":""MultiPoint"",""coordinates"":[]}"
1_2_LC08_062012_20140604_0,160.12499999999986,2,204.125,260.77500000000003,174.14999999999986,91.37499999999993,286.70177174,86.97499999999997,9.47,0,2014-06-04,,68.42509020521814,-132.20318998438606,-0.3815566897392273,96.0,s005,0,172.99444865,44.08812548,"{""type"":""MultiPoint"",""coordinates"":[]}"
1_2_LC08_062012_20140924_0,120.52499999999993,5,456.5749999999999,249.22499999999985,1836.5249999999999,305.05000000000007,272.95791332,303.40000000000003,45.18,147,2014-09-24,,68.42509020521814,-132.20318998438606,-0.1352538889479463,194.0,s005,0,176.02923431,20.98931954,"{""type"":""MultiPoint"",""coordinates"":[]}"
1_2_LC08_062012_20140924_1,88.62499999999996,7,695.8249999999999,559.9749999999998,2477.55,276.45000000000005,272.903225,351.7999999999999,45.18,143,2014-09-24,,68.38263020514366,-132.3255099846317,-0.4417547881603241,194.0,s005_ref,0,176.02923431,20.98931954,"{""type"":""MultiPoint"",""coordinates"":[]}"
1_2_LC08_062012_20150522_0,210.45000000000007,8,329.2500000000001,413.39999999999986,367.4749999999999,192.57499999999982,289.89078440000003,159.85,29.13,17,2015-05-22,,68.42509020521814,-132.20318998438606,-0.2619173228740692,96.0,s005,0,173.50106786,42.05359083,"{""type"":""MultiPoint"",""coordinates"":[]}"
1_2_LC08_062012_20150522_1,588.8500000000003,1,823.4249999999998,912.25,1222.1749999999997,721.3999999999999,293.4284351,498.0999999999999,29.13,22,2015-05-22,,68.38263020514366,-132.3255099846317,-0.06604307889938354,96.0,s005_ref,0,173.50106786,42.05359083,"{""type"":""MultiPoint"",""coordinates"":[]}"
1_2_LC08_062012_20160625_0,347.94999999999993,8,600.3999999999999,675.4749999999998,842.95,448.325,298.0940324,265.175,21.26,8,2016-06-25,,68.42509020521814,-132.20318998438606,-0.1447851590443037,96.0,s005,0,171.56891314,44.89353745,"{""type"":""MultiPoint"",""coordinates"":[]}"
1_2_LC08_062012_20160727_0,132.89999999999995,1,257.74999999999994,328.1500000000001,600.675,238.5000000000001,293.56515590000004,151.87499999999991,3.99,0,2016-07-27,,68.42509020521814,-132.20318998438606,-0.03879093378782272,96.0,s005,0,170.82396835,40.4618445,"{""type"":""MultiPoint"",""coordinates"":[]}"
1_2_LC08_062012_20160828_0,131.24999999999997,2,244.96249999999998,320.4499999999999,509.7874999999999,213.0625,286.46080133,137.71249999999998,9.15,0,2016-08-28,,68.42509020521814,-132.20318998438606,-0.07448911457322538,96.0,s005,0,173.14490475,30.91636872,"{""type"":""MultiPoint"",""coordinates"":[]}"
1_2_LC08_062012_20170527_1,488.75,1,657.3249999999997,869.3499999999998,1638.8000000000002,519.0,277.73972330000004,316.04999999999995,35.67,143,2017-05-27,,68.38263020514366,-132.3255099846317,-0.11759079992771149,192.0,s005_ref,0,173.41953472,43.03733924,"{""type"":""MultiPoint"",""coordinates"":[]}"
1_2_LC08_062012_20190720_0,317.42500000000007,1,713.4249999999997,623.225,1177.625,492.3249999999998,294.51878348,267.375,6.1,148,2019-07-20,,68.42509020521814,-132.20318998438606,-0.18337135016918182,192.0,s005,0,170.71928983,42.08935659,"{""type"":""MultiPoint"",""coordinates"":[]}"
1_2_LC08_062012_20191008_0,98.52499999999986,2,256.92500000000007,-46.400000000000055,509.92499999999995,102.64999999999996,265.54422794,285.5250000000001,63.45,139,2019-10-08,,68.42509020521814,-132.20318998438606,-0.42904818058013916,198.0,s005,0,177.356727,15.68620973,"{""type"":""MultiPoint"",""coordinates"":[]}"
1_2_LC08_062012_20200604_0,218.97499999999985,8,309.72499999999985,398.8249999999999,338.6,200.82500000000005,286.14121646,160.67499999999984,3.78,0,2020-06-04,,68.42509020521814,-132.20318998438606,-0.21329937875270844,96.0,s005,0,172.94612445,44.14828483,"{""type"":""MultiPoint"",""coordinates"":[]}"
1_2_LC08_062012_20210522_0,649.3500000000003,9,876.7750000000002,1036.2749999999999,1074.5,468.94999999999993,288.12025004,319.8999999999999,38.86,12,2021-05-22,,68.42509020521814,-132.20318998438606,-0.3472718596458435,96.0,s005,0,173.63678794,42.16642564,"{""type"":""MultiPoint"",""coordinates"":[]}"
1_2_LC08_062012_20210522_1,722.2249999999999,2,944.2875000000001,998.05,1315.125,649.7625,290.80168673,416.14999999999986,38.86,76,2021-05-22,,68.38263020514366,-132.3255099846317,-0.17286108806729317,96.0,s005_ref,0,173.63678794,42.16642564,"{""type"":""MultiPoint"",""coordinates"":[]}"
1_2_LC08_062012_20210623_0,164.79999999999995,1,238.5000000000001,253.89999999999995,197.52500000000006,159.57499999999985,297.62576365999996,112.54999999999987,0.71,0,2021-06-23,,68.42509020521814,-132.20318998438606,-0.1982666552066803,96.0,s005,0,171.70873357,44.95976784,"{""type"":""MultiPoint"",""coordinates"":[]}"
1_2_LC08_062012_20210826_0,124.51249999999982,2,296.79999999999995,282.0874999999999,321.68749999999994,230.66249999999997,291.71429807,116.53749999999991,16.28,0,2021-08-26,,68.42509020521814,-132.20318998438606,-0.1345699205994606,96.0,s005,0,172.9197474,31.68860127,"{""type"":""MultiPoint"",""coordinates"":[]}"
1_2_LC08_062012_20210927_0,-29.625000000000068,5,400.47499999999985,199.72500000000005,1490.575,158.20000000000002,270.41148842,206.87499999999997,12.19,136,2021-09-27,,68.42509020521814,-132.20318998438606,-0.5459879636764526,194.0,s005,0,176.41072017,19.71449311,"{""type"":""MultiPoint"",""coordinates"":[]}"
1_2_LC08_062012_20210927_1,436.775,2,359.3625,285.525,1923.425,170.98749999999995,270.39952535,269.4375,12.19,138,2021-09-27,,68.38263020514366,-132.3255099846317,-0.3668050616979599,194.0,s005_ref,0,176.41072017,19.71449311,"{""type"":""MultiPoint"",""coordinates"":[]}"
1_2_LC08_062012_20220930_0,363.07499999999993,6,527.9374999999999,201.51249999999996,1898.5375000000004,252.38750000000005,272.75283212,307.2499999999999,56.74,145,2022-09-30,,68.42509020521814,-132.20318998438606,-0.3154384717345238,194.0,s005,0,176.71827088,18.64600759,"{""type"":""MultiPoint"",""coordinates"":[]}"
1_2_LC08_062012_20220930_1,-48.60000000000003,3,489.5749999999999,228.32500000000005,1687.75,144.44999999999985,271.40613224,191.2,56.74,137,2022-09-30,,68.38263020514366,-132.3255099846317,-0.29916679859161377,194.0,s005_ref,0,176.71827088,18.64600759,"{""type"":""MultiPoint"",""coordinates"":[]}"
1_2_LC08_062012_20230528_0,178.5500000000001,1,243.7249999999999,302.30000000000007,283.04999999999995,209.35000000000008,284.32966586,165.07500000000007,18.97,2,2023-05-28,,68.42509020521814,-132.20318998438606,-0.07587043941020966,96.0,s005,0,173.30198033,43.12607719,"{""type"":""MultiPoint"",""coordinates"":[]}"
1_2_LC08_062012_20230731_0,924.0749999999997,1,1078.8999999999999,857.5250000000001,2199.25,848.9999999999998,294.63841418,384.525,47.93,148,2023-07-31,,68.42509020521814,-132.20318998438606,-0.11924892663955688,192.0,s005,0,170.8471214,39.66705611,"{""type"":""MultiPoint"",""coordinates"":[]}"
1_2_LC08_062012_20230731_1,743.6749999999997,2,947.7249999999998,692.525,2266.9,789.8749999999999,296.37818636,365.2749999999999,47.93,144,2023-07-31,,68.38263020514366,-132.3255099846317,-0.09084369242191315,194.0,s005_ref,0,170.8471214,39.66705611,"{""type"":""MultiPoint"",""coordinates"":[]}"
1_2_LC08_062012_20230917_0,159.02499999999986,1,237.39999999999984,285.79999999999995,214.5749999999999,169.74999999999991,285.61484138000003,130.7,3.41,0,2023-09-17,,68.42509020521814,-132.20318998438606,-0.16615498065948486,96.0,s005,0,175.2338098,23.75971376,"{""type"":""MultiPoint"",""coordinates"":[]}"
1_2_LC08_062012_20240615_0,253.34999999999997,7,346.0250000000001,408.44999999999993,354.27500000000003,205.225,292.7106509,160.12499999999986,1.08,0,2024-06-15,,68.42509020521814,-132.20318998438606,-0.24601607024669647,96.0,s005,0,172.04128391,44.91262754,"{""type"":""MultiPoint"",""coordinates"":[]}"
1_2_LC08_063012_20140611_0,95.50000000000003,1,138.12500000000006,144.175,178.5500000000001,131.24999999999997,288.797018,78.4499999999999,18.88,0,2014-06-11,,68.42509020521814,-132.20318998438606,-0.02552204206585884,96.0,s005,0,172.54057876,44.69852101,"{""type"":""MultiPoint"",""coordinates"":[]}"
1_2_LC08_063012_20150513_0,410.37500000000006,5,1659.425,1466.6499999999999,1410.2750000000003,93.02499999999992,276.33149906,148.3000000000001,4.92,131,2015-05-13,,68.42509020521814,-132.20318998438606,-0.8938343524932861,192.0,s005,0,173.54479838,40.06871954,"{""type"":""MultiPoint"",""coordinates"":[]}"
1_2_LC08_063012_20150716_0,174.69999999999985,4,636.425,626.2499999999999,1182.3,591.0500000000002,279.86573174,483.5249999999999,56.88,148,2015-07-16,,68.42509020521814,-132.20318998438606,-0.02920173667371273,194.0,s005,0,170.61478118,42.80001102,"{""type"":""MultiPoint"",""coordinates"":[]}"
1_2_LC08_063012_20160702_0,276.7249999999999,4,536.5999999999999,617.7250000000001,821.2249999999999,263.52500000000003,296.9319056,155.72499999999988,59.16,0,2016-07-02,,68.42509020521814,-132.20318998438606,-0.339246541261673,96.0,s005,0,171.17290049,44.47250559,"{""type"":""MultiPoint"",""coordinates"":[]}"
1_2_LC08_063012_20170518_0,78.4499999999999,6,882.0,1355.2750000000003,1664.925,304.2249999999999,279.62647033999997,302.0249999999999,29.54,135,2017-05-18,,68.42509020521814,-132.20318998438606,-0.4405057430267334,192.0,s005,0,173.74711718,41.34556915,"{""type"":""MultiPoint"",""coordinates"":[]}"
1_2_LC08_063012_20170603_0,135.37500000000009,2,203.84999999999985,277.0,191.74999999999997,159.85,287.50842446,104.84999999999994,0.92,0,2017-06-03,,68.42509020521814,-132.20318998438606,-0.12097883224487305,96.0,s005,0,173.04295384,44.00583967,"{""type"":""MultiPoint"",""coordinates"":[]}"
1_2_LC08_063012_20180926_0,427.15000000000003,7,220.35,-239.17500000000007,292.125,11.349999999999971,266.19706976,149.67499999999995,26.27,145,2018-09-26,,68.42509020521814,-132.20318998438606,-0.9162236452102661,198.0,s005,0,176.1400278,20.20281424,"{""type"":""MultiPoint"",""coordinates"":[]}"
1_2_LC08_063012_20180926_1,203.025,8,583.9,252.52499999999984,1092.0999999999997,100.72499999999984,267.11993516,199.17500000000004,26.27,145,2018-09-26,,68.38263020514366,-132.3255099846317,-0.6539319753646851,194.0,s005_ref,0,176.1400278,20.20281424,"{""type"":""MultiPoint"",""coordinates"":[]}"
1_2_LC08_063012_20190524_0,245.65000000000003,13,372.15,463.45,463.72500000000014,275.0749999999999,288.30824114,178.82499999999996,5.96,14,2019-05-24,,68.42509020521814,-132.20318998438606,-0.14724673330783844,96.0,s005,0,173.58874373,42.44315151,"{""type"":""MultiPoint"",""coordinates"":[]}"
1_2_LC08_063012_20190727_0,291.2999999999999,5,593.5249999999997,617.1749999999998,1013.9999999999999,461.52499999999986,293.5480658,237.67499999999998,4.44,4,2019-07-27,,68.42509020521814,-132.20318998438606,-0.09514034539461136,96.0,s005,0,170.81216882,40.62740648,"{""type"":""MultiPoint"",""coordinates"":[]}"
1_2_LC08_063012_20200526_0,921.05,6,987.325,1221.35,1537.8750000000002,184.3249999999999,278.1327956,249.22499999999985,29.07,131,2020-05-26,,68.42509020521814,-132.20318998438606,-0.770436704158783,192.0,s005,0,173.42585403,42.92143906,"{""type"":""MultiPoint"",""coordinates"":[]}"
1_2_LC08_063012_20200611_0,154.90000000000003,4,248.1249999999999,311.92499999999984,250.6,221.99999999999997,295.40063264,193.94999999999996,6.14,0,2020-06-11,,68.42509020521814,-132.20318998438606,-0.06277592480182648,96.0,s005,0,172.48405966,44.73241631,"{""type"":""MultiPoint"",""coordinates"":[]}"
1_2_LC08_063012_20210716_0,129.87499999999986,1,239.32499999999996,262.975,575.6499999999997,229.6999999999999,293.45236123999996,145.825,47.42,0,2021-07-16,,68.42509020521814,-132.20318998438606,-0.020521294325590134,96.0,s005,0,170.72762322,42.71648052,"{""type"":""MultiPoint"",""coordinates"":[]}"
1_2_LC08_063012_20220329_0,1404.7749999999999,1,1405.6000000000001,1165.25,2977.225,205.77499999999998,246.55712684,283.04999999999995,0.0,144,2022-03-29,,68.42509020521814,-132.20318998438606,-0.7445970177650452,192.0,s005,0,172.20877701,25.15776017,"{""type"":""MultiPoint"",""coordinates"":[]}"
1_2_LC08_063012_20220601_1,546.2250000000001,1,888.3249999999998,784.6500000000001,1201.5500000000002,675.4749999999998,284.70906607999996,412.02500000000003,19.18,116,2022-06-01,,68.38263020514366,-132.3255099846317,-0.13611075282096863,192.0,s005_ref,0,173.27382851,43.74221558,"{""type"":""MultiPoint"",""coordinates"":[]}"
1_2_LC08_063012_20220703_0,152.42499999999993,1,216.7749999999999,244.27499999999992,240.42499999999995,212.92499999999993,300.59260502,127.12499999999987,9.86,0,2022-07-03,,68.42509020521814,-132.20318998438606,-0.008959739468991756,96.0,s005,0,171.21288411,44.43117559,"{""type"":""MultiPoint"",""coordinates"":[]}"
1_2_LC08_063012_20230519_0,497.41249999999985,2,801.9750000000001,686.8874999999998,1262.7375000000002,704.4874999999997,281.52005342,462.2124999999999,4.01,147,2023-05-19,,68.42509020521814,-132.20318998438606,-0.058396703097969294,193.0,s005,0,173.64105699,41.46429913,"{""type"":""MultiPoint"",""coordinates"":[]}"
1_2_LC08_063012_20230519_1,338.05,2,830.575,797.0250000000001,1238.9499999999998,566.5749999999997,280.7475809,369.40000000000003,4.01,132,2023-05-19,,68.38263020514366,-132.3255099846317,-0.18895608186721802,192.0,s005_ref,0,173.64105699,41.46429913,"{""type"":""MultiPoint"",""coordinates"":[]}"
1_2_LC08_063012_20230706_0,263.2499999999999,3,492.3249999999998,537.4249999999997,912.25,424.12499999999994,302.21616452,216.7749999999999,20.78,0,2023-07-06,,68.42509020521814,-132.20318998438606,-0.0744175910949707,96.0,s005,0,170.91538797,44.1587937,"{""type"":""MultiPoint"",""coordinates"":[]}"
1_2_LC08_063012_20240606_0,315.49999999999994,38,466.19999999999993,579.2249999999999,601.2250000000003,297.34999999999985,288.59877284000004,203.57500000000002,71.78,0,2024-06-06,,68.42509020521814,-132.20318998438606,-0.2157716006040573,96.0,s005,0,172.65434637,44.34852308,"{""type"":""MultiPoint"",""coordinates"":[]}"
1_2_LC08_063012_20240724_0,232.5875000000001,2,422.4749999999999,475.0,681.5250000000001,301.0625,298.78618145,179.51249999999987,0.3,1,2024-07-24,,68.42509020521814,-132.20318998438606,-0.17185427621006966,96.0,s005,0,170.59552508,41.11017357,"{""type"":""MultiPoint"",""coordinates"":[]}"
2_LC09_060012_20240609_0,269.30000000000007,13,363.62499999999994,447.49999999999983,422.75000000000006,246.75000000000003,287.8912427,181.02499999999995,29.48,0,2024-06-09,,68.42509020521814,-132.20318998438606,-0.18222551047801971,96.0,s005,0,172.32890659,44.59266493,"{""type"":""MultiPoint"",""coordinates"":[]}"
2_LC09_061012_20230630_0,255.2750000000001,3,432.37499999999983,465.09999999999997,820.4,304.50000000000006,303.04332536,202.7499999999999,7.33,0,2023-06-30,,68.42509020521814,-132.20318998438606,-0.1810297667980194,96.0,s005,0,171.12461817,44.66836539,"{""type"":""MultiPoint"",""coordinates"":[]}"
2_LC09_061012_20240616_0,237.12499999999997,6,318.7999999999999,372.7,377.0999999999999,277.55,294.23850584,190.92499999999984,2.8,0,2024-06-16,,68.42509020521814,-132.20318998438606,-0.038056086748838425,96.0,s005,0,171.8037434,44.93429106,"{""type"":""MultiPoint"",""coordinates"":[]}"
2_LC09_062012_20220618_0,188.45000000000002,4,277.0,287.99999999999994,381.4999999999999,271.50000000000006,297.57791138,207.14999999999984,21.24,12,2022-06-18,,68.42509020521814,-132.20318998438606,-0.017329657450318336,96.0,s005,0,171.9787795,44.97428982,"{""type"":""MultiPoint"",""coordinates"":[]}"
2_LC09_062012_20220704_0,192.29999999999998,1,353.4499999999999,301.75000000000006,604.2500000000001,349.32500000000005,305.41543124,139.22500000000005,13.81,146,2022-07-04,,68.42509020521814,-132.20318998438606,-0.005869588349014521,192.0,s005,0,171.00972874,44.33403031,"{""type"":""MultiPoint"",""coordinates"":[]}"
2_LC09_062012_20220805_0,86.97499999999997,1,186.5249999999999,230.7999999999999,163.69999999999996,175.79999999999984,297.51638702,83.125,4.67,0,2022-08-05,,68.42509020521814,-132.20318998438606,-0.02960049733519554,96.0,s005,0,171.11590775,38.30729742,"{""type"":""MultiPoint"",""coordinates"":[]}"
2_LC09_062012_20230520_0,688.125,3,940.0249999999999,1004.9249999999998,1316.5,442.5499999999999,283.8067088,320.4499999999999,38.93,148,2023-05-20,,68.42509020521814,-132.20318998438606,-0.41930192708969116,192.0,s005,0,173.52476398,41.66906589,"{""type"":""MultiPoint"",""coordinates"":[]}"
2_LC09_062012_20230621_1,124.65000000000003,1,169.1999999999999,99.89999999999999,434.5750000000001,157.10000000000002,293.33614855999997,78.9999999999999,26.95,0,2023-06-21,,68.38263020514366,-132.3255099846317,-0.03708244115114212,96.0,s005_ref,0,171.67770006,44.98493551,"{""type"":""MultiPoint"",""coordinates"":[]}"
2_LC09_062012_20230707_0,266.4124999999999,4,473.625,503.05,866.1875,397.86249999999995,305.60684036,186.93749999999994,27.27,4,2023-07-07,,68.42509020521814,-132.20318998438606,-0.08818445354700089,96.0,s005,0,170.79406778,44.04721721,"{""type"":""MultiPoint"",""coordinates"":[]}"
2_LC09_062012_20240623_0,169.47500000000005,1,208.52499999999995,261.32500000000005,200.82500000000005,161.77499999999984,293.65402442,123.55000000000005,6.49,0,2024-06-23,,68.42509020521814,-132.20318998438606,-0.12624898552894592,96.0,s005,0,171.28766359,44.93760239,"{""type"":""MultiPoint"",""coordinates"":[]}"
2_LC09_063012_20220508_0,1612.3999999999999,1,1707.825,1595.0750000000003,2230.6,190.92499999999984,274.09611398,141.1499999999999,30.15,144,2022-05-08,,68.42509020521814,-132.20318998438606,-0.7988939881324768,192.0,s005,0,173.73540986,38.87281969,"{""type"":""MultiPoint"",""coordinates"":[]}"
2_LC09_063012_20220524_0,519.5499999999997,2,743.6749999999997,995.3000000000001,1961.925,310.8249999999999,279.55469192,313.5750000000001,6.99,140,2022-05-24,,68.42509020521814,-132.20318998438606,-0.4104788899421692,192.0,s005,0,173.35275662,42.48760393,"{""type"":""MultiPoint"",""coordinates"":[]}"
2_LC09_063012_20220524_1,1051.4,1,1271.3999999999999,1762.825,1484.5249999999999,470.5999999999999,276.28364678,422.2000000000001,6.99,133,2022-05-24,,68.38263020514366,-132.3255099846317,-0.4597014784812927,192.0,s005_ref,0,173.35275662,42.48760393,"{""type"":""MultiPoint"",""coordinates"":[]}"
2_LC09_063012_20220609_0,133.44999999999996,1,190.64999999999998,228.32500000000005,204.39999999999986,136.74999999999991,282.33354218,111.17500000000003,61.99,0,2022-06-09,,68.42509020521814,-132.20318998438606,-0.16463042795658112,64.0,s005,0,172.59764752,44.56337466,"{""type"":""MultiPoint"",""coordinates"":[]}"
2_LC09_063012_20220929_0,-7.350000000000135,5,476.09999999999985,237.67499999999998,1040.125,218.70000000000002,270.4935209,277.8249999999999,26.91,144,2022-09-29,,68.42509020521814,-132.20318998438606,-0.42797356843948364,194.0,s005,0,176.55264545,19.02925882,"{""type"":""MultiPoint"",""coordinates"":[]}"
2_LC09_063012_20220929_1,821.7750000000001,2,793.45,874.5750000000002,2015.0000000000002,341.62499999999983,268.00862036,427.4249999999999,26.91,137,2022-09-29,,68.38263020514366,-132.3255099846317,-0.39805740118026733,194.0,s005_ref,0,176.55264545,19.02925882,"{""type"":""MultiPoint"",""coordinates"":[]}"
2_LC09_063012_20230511_0,1340.975,1,1373.6999999999998,1263.4250000000002,2178.625,204.125,274.36271954,166.17500000000007,1.84,143,2023-05-11,,68.42509020521814,-132.20318998438606,-0.7412577271461487,192.0,s005,0,173.72909747,39.59386034,"{""type"":""MultiPoint"",""coordinates"":[]}"
2_LC09_063012_20230628_0,214.85000000000005,1,382.32500000000005,377.6499999999999,804.4499999999999,276.7249999999999,296.74391449999996,153.80000000000004,73.02,2,2023-06-28,,68.42509020521814,-132.20318998438606,-0.1602306365966797,96.0,s005,0,171.23504775,44.78607043,"{""type"":""MultiPoint"",""coordinates"":[]}"
2_LC09_063012_20240614_0,223.64999999999995,5,329.525,410.6499999999999,335.0249999999999,222.54999999999998,288.84828830000004,172.22500000000002,2.15,0,2024-06-14,,68.42509020521814,-132.20318998438606,-0.18319034576416016,96.0,s005,0,171.95364845,44.87147645,"{""type"":""MultiPoint"",""coordinates"":[]}"
