site_no,station_nm,month,year,decade,Latitude,Longitude,sample_dt,num_pix,B1,B2,B3,B4,B6,cluster,SSC_mgL,ten_day,reference
st_s002,st_s002,8,1985,1990,68.6937602052197,-131.64161998437,1985-08-25,12,399,428,421,678,280,3,38.658993267617,230,"Affected, Pre-slump"
st_s002,st_s002,6,1986,1990,68.6937602052197,-131.64161998437,1986-06-09,6,386,497,610,572,286,3,162.136320648274,160,"Affected, Pre-slump"
st_s002,st_s002,6,1987,1990,68.6937602052197,-131.64161998437,1987-06-28,2,727,746,678,1006,286,3,32.1239114011621,170,"Affected, Pre-slump"
st_s002,st_s002,5,1988,1990,68.6937602052197,-131.64161998437,1988-05-29,6,323,414,501,448,289,3,103.291249721452,150,"Affected, Pre-slump"
st_s002,st_s002,7,1989,1990,68.6937602052197,-131.64161998437,1989-07-19,2,485,573,465,1144,297,3,27.8540700446634,200,"Affected, Pre-slump"
st_s002,st_s002,6,1990,1990,68.6937602052197,-131.64161998437,1990-06-20,2,388,455,448,380,300,3,23.9884612866671,170,"Affected, Pre-slump"
st_s002,st_s002,6,1993,1990,68.6937602052197,-131.64161998437,1993-06-12,1,313,371,398,385,291,3,78.4642771454891,160,"Affected, Pre-slump"
st_s002,st_s002,8,1994,1990,68.6937602052197,-131.64161998437,1994-08-02,4,492,586,490,1096,298,3,23.1065632001826,210,"Affected, Pre-slump"
st_s002,st_s002,6,1997,1995,68.6937602052197,-131.64161998437,1997-06-07,7,376,430,521,478,291,3,115.362574457766,150,"Affected, Pre-slump"
st_s002,st_s002,5,1998,1995,68.6937602052197,-131.64161998437,1998-05-25,1,262,290,293,262,289,3,25.1274154545624,140,"Affected, Post-slump"
st_s002,st_s002,6,1998,1995,68.6937602052197,-131.64161998437,1998-06-26,1,115,226,161,563,297,3,82.7783663908334,170,"Affected, Post-slump"
st_s002,st_s002,7,1998,1995,68.6937602052197,-131.64161998437,1998-07-28,3,299,384,411,714,297,3,93.5499852057439,200,"Affected, Post-slump"
st_s002,st_s002,5,1999,1995,68.6937602052197,-131.64161998437,1999-05-28,1,305,306,342,306,290,3,75.5955624167572,140,"Affected, Post-slump"
st_s002,st_s002,6,2004,2000,68.6937602052197,-131.64161998437,2004-06-10,11,309,417,511,424,287,3,108.079432365964,160,"Affected, Post-slump"
st_s002,st_s002,7,2004,2000,68.6937602052197,-131.64161998437,2004-07-28,38,418,463,290,936,293,3,6.35439991493566,210,"Affected, Post-slump"
st_s002,st_s002,8,2004,2000,68.6937602052197,-131.64161998437,2004-08-29,1,363,446,573,569,290,3,256.952679573153,240,"Affected, Post-slump"
st_s002,st_s002,5,2006,2005,68.6937602052197,-131.64161998437,2006-05-31,5,342,378,479,428,289,3,211.978220848254,150,"Affected, Post-slump"
st_s002,st_s002,6,2009,2005,68.6937602052197,-131.64161998437,2009-06-08,5,291,349,438,380,290,3,126.745379609084,150,"Affected, Post-slump"
st_s002,st_s002,5,2011,2010,68.6937602052197,-131.64161998437,2011-05-29,1,369,475,559,482,294,3,99.5953757444014,140,"Affected, Post-slump"
st_s002,st_s002,6,1984,1990,68.6937602052197,-131.64161998437,1984-06-10,3,293,420,464,454,293,3,68.1484532045862,160,"Affected, Pre-slump"
st_s002,st_s002,7,1985,1990,68.6937602052197,-131.64161998437,1985-07-15,1,445,624,575,1039,284,3,60.5379948278117,190,"Affected, Pre-slump"
st_s002,st_s002,6,1987,1990,68.6937602052197,-131.64161998437,1987-06-03,8,426,526,600,603,286,3,110.750023039058,150,"Affected, Pre-slump"
st_s002,st_s002,6,1989,1990,68.6937602052197,-131.64161998437,1989-06-08,2,286,333,370,319,293,3,62.9385520644952,150,"Affected, Pre-slump"
st_s002,st_s002,6,1991,1990,68.6937602052197,-131.64161998437,1991-06-14,2,281,381,392,344,292,3,33.2771430474057,160,"Affected, Pre-slump"
st_s002,st_s002,5,1992,1990,68.6937602052197,-131.64161998437,1992-05-31,9,777,936,1058,1226,280,3,168.494117293214,150,"Affected, Pre-slump"
st_s002,st_s002,7,1993,1990,68.6937602052197,-131.64161998437,1993-07-05,1,501,672,685,1043,297,3,84.2038817486104,180,"Affected, Pre-slump"
st_s002,st_s002,5,1994,1990,68.6937602052197,-131.64161998437,1994-05-21,8,398,493,612,517,286,3,177.035103018224,140,"Affected, Pre-slump"
st_s002,st_s002,6,1994,1990,68.6937602052197,-131.64161998437,1994-06-06,5,241,326,396,325,291,3,82.456870363324,150,"Affected, Pre-slump"
st_s002,st_s002,5,1995,1995,68.6937602052197,-131.64161998437,1995-05-08,11,544,476,607,632,281,3,172.873339327483,120,"Affected, Pre-slump"
st_s002,st_s002,5,1995,1995,68.6937602052197,-131.64161998437,1995-05-24,8,793,816,865,862,279,3,96.8345769087284,140,"Affected, Pre-slump"
st_s002,st_s002,8,1998,1995,68.6937602052197,-131.64161998437,1998-08-20,3,479,634,659,1068,293,3,145.506191918856,230,"Affected, Post-slump"
st_s002,st_s002,7,2004,2000,68.6937602052197,-131.64161998437,2004-07-19,51,343,377,274,754,294,3,13.1758308665439,200,"Affected, Post-slump"
st_s002,st_s002,6,2005,2005,68.6937602052197,-131.64161998437,2005-06-04,3,232,304,341,265,291,3,92.6153606649865,150,"Affected, Post-slump"
st_s002,st_s002,6,2005,2005,68.6937602052197,-131.64161998437,2005-06-20,1,180,346,374,308,292,3,43.9366998071489,170,"Affected, Post-slump"
st_s002,st_s002,8,2005,2005,68.6937602052197,-131.64161998437,2005-08-07,11,646,716,616,1217,294,3,29.4785995473009,210,"Affected, Post-slump"
st_s002,st_s002,6,2006,2005,68.6937602052197,-131.64161998437,2006-06-07,4,329,419,432,404,294,3,46.4963868701826,150,"Affected, Post-slump"
st_s002,st_s002,7,2006,2005,68.6937602052197,-131.64161998437,2006-07-09,1,158,203,262,352,291,3,253.480017276332,190,"Affected, Post-slump"
st_s002,st_s002,8,2008,2005,68.6937602052197,-131.64161998437,2008-08-15,1,326,526,434,1102,288,3,73.7168875532693,220,"Affected, Post-slump"
st_s002,st_s002,8,2009,2005,68.6937602052197,-131.64161998437,2009-08-18,32,246,253,215,510,290,3,22.6196899792746,230,"Affected, Post-slump"
st_s002,st_s002,9,2009,2005,68.6937602052197,-131.64161998437,2009-09-03,5,380,514,576,564,290,3,77.6209935435699,240,"Affected, Post-slump"
st_s002,st_s002,6,2011,2010,68.6937602052197,-131.64161998437,2011-06-05,6,253,348,415,353,295,3,79.4739710370081,150,"Affected, Post-slump"
st_s002,st_s002,6,1986,1990,68.6937602052197,-131.64161998437,1986-06-07,6,323,421,504,496,284,3,148.911598372432,150,"Affected, Pre-slump"
st_s002,st_s002,6,1988,1990,68.6937602052197,-131.64161998437,1988-06-28,16,210,257,174,350,295,3,5.06107086724235,180,"Affected, Pre-slump"
st_s002,st_s002,8,1992,1990,68.6937602052197,-131.64161998437,1992-08-26,14,573,651,627,1040,287,3,46.0199689996449,230,"Affected, Pre-slump"
st_s002,st_s002,6,1993,1990,68.6937602052197,-131.64161998437,1993-06-10,2,318,415,449,431,293,3,56.3974723730643,160,"Affected, Pre-slump"
st_s002,st_s002,7,1994,1990,68.6937602052197,-131.64161998437,1994-07-31,2,232,297,258,415,294,3,28.3049526015493,210,"Affected, Pre-slump"
st_s002,st_s002,6,1997,1995,68.6937602052197,-131.64161998437,1997-06-05,7,285,420,471,456,290,3,73.4917537134303,150,"Affected, Pre-slump"
st_s002,st_s002,6,2005,2005,68.6937602052197,-131.64161998437,2005-06-11,1,229,344,374,355,297,3,80.592883084536,160,"Affected, Post-slump"
st_s002,st_s002,6,2006,2005,68.6937602052197,-131.64161998437,2006-06-14,1,225,275,243,368,295,3,34.9375751263808,160,"Affected, Post-slump"
st_s002,st_s002,6,2006,2005,68.6937602052197,-131.64161998437,2006-06-30,8,441,573,679,930,293,3,209.834649865722,180,"Affected, Post-slump"
st_s002,st_s002,6,2008,2005,68.6937602052197,-131.64161998437,2008-06-03,1,295,408,347,451,294,3,23.5493611270035,150,"Affected, Post-slump"
st_s002,st_s002,6,2008,2005,68.6937602052197,-131.64161998437,2008-06-19,14,225,262,195,331,286,3,7.47761829638436,170,"Affected, Post-slump"
st_s002,st_s002,6,2009,2005,68.6937602052197,-131.64161998437,2009-06-06,7,325,462,540,492,293,3,112.120254494575,150,"Affected, Post-slump"
st_s002,st_s002,5,2010,2010,68.6937602052197,-131.64161998437,2010-05-24,4,276,326,393,345,290,3,112.366848139367,140,"Affected, Post-slump"
st_s002,st_s002,7,2010,2010,68.6937602052197,-131.64161998437,2010-07-27,1,240,220,237,435,297,3,157.087651876247,200,"Affected, Post-slump"
st_s002,st_s002,5,2011,2010,68.6937602052197,-131.64161998437,2011-05-27,3,407,583,605,797,292,3,70.5150605171746,140,"Affected, Post-slump"
st_s002,st_s002,8,2011,2010,68.6937602052197,-131.64161998437,2011-08-31,2,441,650,677,586,285,3,58.4678898526157,240,"Affected, Post-slump"
st_s002,st_s002,8,1988,1990,68.6937602052197,-131.64161998437,1988-08-06,5,512,676,563,1018,292,3,29.1468973754456,210,"Affected, Pre-slump"
st_s002,st_s002,8,1989,1990,68.6937602052197,-131.64161998437,1989-08-09,3,468,629,579,1094,301,3,59.2565027762433,220,"Affected, Pre-slump"
st_s002,st_s002,6,1996,1995,68.6937602052197,-131.64161998437,1996-06-09,7,323,408,463,453,293,3,75.2659704237419,160,"Affected, Pre-slump"
st_s002,st_s002,6,1998,1995,68.6937602052197,-131.64161998437,1998-06-15,12,312,360,310,505,292,3,19.657825241905,160,"Affected, Post-slump"
st_s002,st_s002,6,1999,1995,68.6937602052197,-131.64161998437,1999-06-02,5,329,419,431,363,291,3,39.082914610969,150,"Affected, Post-slump"
st_s002,st_s002,7,1999,1995,68.6937602052197,-131.64161998437,1999-07-04,1,353,640,573,1110,293,3,105.764851710208,180,"Affected, Post-slump"
st_s002,st_s002,6,2006,2005,68.6937602052197,-131.64161998437,2006-06-05,12,402,461,500,392,285,3,62.4597648784444,150,"Affected, Post-slump"
st_s002,st_s002,6,2008,2005,68.6937602052197,-131.64161998437,2008-06-10,1,182,227,241,233,291,3,34.9544862254919,160,"Affected, Post-slump"
st_s002,st_s002,7,2008,2005,68.6937602052197,-131.64161998437,2008-07-12,2,340,540,495,1040,295,3,77.6696439718916,190,"Affected, Post-slump"
st_s002,st_s002,7,2008,2005,68.6937602052197,-131.64161998437,2008-07-28,4,422,616,502,1069,299,3,34.9051439024847,210,"Affected, Post-slump"
st_s002,st_s002,5,2009,2005,68.6937602052197,-131.64161998437,2009-05-28,3,469,630,641,614,289,3,70.4932909995888,140,"Affected, Post-slump"
st_s002,st_s002,9,2010,2010,68.6937602052197,-131.64161998437,2010-09-04,1,221,369,462,423,283,3,110.286633397966,240,"Affected, Post-slump"
st_s002,st_s002,6,2011,2010,68.6937602052197,-131.64161998437,2011-06-03,9,253,411,428,406,286,3,66.1450022428901,150,"Affected, Post-slump"
st_s002,st_s002,8,1988,1990,68.6937602052197,-131.64161998437,1988-08-06,6,511,672,561,1016,292,3,29.0139685955411,210,"Affected, Pre-slump"
st_s002,st_s002,8,1989,1990,68.6937602052197,-131.64161998437,1989-08-09,3,440,605,557,1080,301,3,61.5800686830867,220,"Affected, Pre-slump"
st_s002,st_s002,6,1996,1995,68.6937602052197,-131.64161998437,1996-06-09,7,310,397,456,450,293,3,78.6193183062386,160,"Affected, Pre-slump"
st_s002,st_s002,7,1997,1995,68.6937602052197,-131.64161998437,1997-07-30,1,234,270,278,412,291,3,133.226562255669,210,"Affected, Pre-slump"
st_s002,st_s002,6,1998,1995,68.6937602052197,-131.64161998437,1998-06-15,11,308,356,306,506,292,3,17.0564414154567,160,"Affected, Post-slump"
st_s002,st_s002,6,1999,1995,68.6937602052197,-131.64161998437,1999-06-02,6,350,415,429,363,292,3,29.1430280327897,150,"Affected, Post-slump"
st_s002,st_s002,7,1999,1995,68.6937602052197,-131.64161998437,1999-07-04,1,372,648,580,1105,293,3,105.883197873479,180,"Affected, Post-slump"
st_s002,st_s002,8,1999,1995,68.6937602052197,-131.64161998437,1999-08-21,3,489,763,670,1222,290,3,43.7858840784351,230,"Affected, Post-slump"
st_s002,st_s002,6,2006,2005,68.6937602052197,-131.64161998437,2006-06-05,11,393,453,494,388,286,3,63.8523402068396,150,"Affected, Post-slump"
st_s002,st_s002,6,2008,2005,68.6937602052197,-131.64161998437,2008-06-10,1,180,223,238,232,291,3,35.2498431382049,160,"Affected, Post-slump"
st_s002,st_s002,7,2008,2005,68.6937602052197,-131.64161998437,2008-07-28,3,427,596,532,1121,299,3,55.9369859440779,210,"Affected, Post-slump"
st_s002,st_s002,8,1999,1995,68.6937602052197,-131.64161998437,1999-08-24,4,598,859,867,1133,287,3,108.572564103831,230,"Affected, Post-slump"
st_s002,st_s002,6,2000,2000,68.6937602052197,-131.64161998437,2000-06-07,6,643,619,674,768,286,3,64.5143384384942,150,"Affected, Post-slump"
st_s002,st_s002,8,2000,2000,68.6937602052197,-131.64161998437,2000-08-10,29,172,190,96,270,289,3,2.43571629310072,220,"Affected, Post-slump"
st_s002,st_s002,6,2001,2000,68.6937602052197,-131.64161998437,2001-06-10,5,260,268,264,300,287,3,52.149883259566,160,"Affected, Post-slump"
st_s002,st_s002,6,2001,2000,68.6937602052197,-131.64161998437,2001-06-26,1,198,188,183,396,291,3,64.7006071865168,170,"Affected, Post-slump"
st_s002,st_s002,7,2001,2000,68.6937602052197,-131.64161998437,2001-07-28,14,148,131,80,245,290,3,3.94241882455019,200,"Affected, Post-slump"
st_s002,st_s002,7,2006,2005,68.6937602052197,-131.64161998437,2006-07-10,1,157,205,199,433,290,3,86.9302632680597,190,"Affected, Post-slump"
st_s002,st_s002,5,2009,2005,68.6937602052197,-131.64161998437,2009-05-31,2,425,529,634,865,285,3,254.089429407686,150,"Affected, Post-slump"
st_s002,st_s002,7,2012,2010,68.6937602052197,-131.64161998437,2012-07-10,2,590,773,850,1307,285,3,172.439086789712,190,"Affected, Post-slump"
st_s002,st_s002,7,2012,2010,68.6937602052197,-131.64161998437,2012-07-26,10,389,576,634,1151,295,3,230.651756745333,200,"Affected, Post-slump"
st_s002,st_s002,5,2014,2010,68.6937602052197,-131.64161998437,2014-05-29,1,429,548,636,1021,290,3,230.234500727636,140,"Affected, Post-slump"
st_s002,st_s002,8,2016,2015,68.6937602052197,-131.64161998437,2016-08-06,3,345,556,652,1094,290,3,268.031336571199,210,"Affected, Post-slump"
st_s002,st_s002,5,2017,2015,68.6937602052197,-131.64161998437,2017-05-21,17,407,503,570,707,284,3,112.38390850269,140,"Affected, Post-slump"
st_s002,st_s002,6,2017,2015,68.6937602052197,-131.64161998437,2017-06-22,1,142,182,217,286,294,3,103.274361000518,170,"Affected, Post-slump"
st_s002,st_s002,8,2017,2015,68.6937602052197,-131.64161998437,2017-08-09,11,144,142,81,227,295,3,3.63184405828395,220,"Affected, Post-slump"
st_s002,st_s002,6,2019,2015,68.6937602052197,-131.64161998437,2019-06-28,1,326,459,555,666,290,3,338.476926084282,170,"Affected, Post-slump"
st_s002,st_s002,7,2019,2015,68.6937602052197,-131.64161998437,2019-07-30,2,439,699,665,1267,293,3,118.30326713476,210,"Affected, Post-slump"
st_s002,st_s002,7,2021,2015,68.6937602052197,-131.64161998437,2021-07-19,5,513,696,725,1285,292,3,128.44835746857,200,"Affected, Post-slump"
st_s002,st_s002,8,2021,2015,68.6937602052197,-131.64161998437,2021-08-04,4,345,578,514,1199,293,3,99.4819272523374,210,"Affected, Post-slump"
st_s002,st_s002,6,2022,2015,68.6937602052197,-131.64161998437,2022-06-19,4,187,201,201,372,285,3,87.0984996891651,170,"Affected, Post-slump"
st_s002,st_s002,7,2022,2015,68.6937602052197,-131.64161998437,2022-07-06,13,432,592,560,1189,299,3,93.6498350747221,180,"Affected, Post-slump"
st_s002,st_s002,8,2022,2015,68.6937602052197,-131.64161998437,2022-08-26,1,243,344,478,572,288,3,745.320687324287,230,"Affected, Post-slump"
st_s002,st_s002,6,2023,2015,68.6937602052197,-131.64161998437,2023-06-02,1,278,380,442,499,286,3,353.774415622376,150,"Affected, Post-slump"
st_s002,st_s002,6,2023,2015,68.6937602052197,-131.64161998437,2023-06-29,2,428,583,564,1305,298,3,110.068988513892,180,"Affected, Post-slump"
st_s002,st_s002,7,2023,2015,68.6937602052197,-131.64161998437,2023-07-21,2,299,494,447,1251,301,3,171.646966336444,200,"Affected, Post-slump"
st_s002,st_s002,6,2000,2000,68.6937602052197,-131.64161998437,2000-06-14,9,528,531,520,597,286,3,71.9798752267426,160,"Affected, Post-slump"
st_s002,st_s002,7,2001,2000,68.6937602052197,-131.64161998437,2001-07-03,1,174,258,267,398,297,3,60.8290500141322,180,"Affected, Post-slump"
st_s002,st_s002,7,2007,2005,68.6937602052197,-131.64161998437,2007-07-04,2,213,326,342,626,297,3,95.8232217753847,180,"Affected, Post-slump"
st_s002,st_s002,8,2010,2010,68.6937602052197,-131.64161998437,2010-08-29,16,276,267,216,373,286,3,18.9790150687749,240,"Affected, Post-slump"
st_s002,st_s002,5,2012,2010,68.6937602052197,-131.64161998437,2012-05-30,8,480,552,694,708,289,3,189.239978700886,150,"Affected, Post-slump"
st_s002,st_s002,8,2012,2010,68.6937602052197,-131.64161998437,2012-08-18,6,436,595,685,1140,294,3,248.476867112035,230,"Affected, Post-slump"
st_s002,st_s002,9,2013,2010,68.6937602052197,-131.64161998437,2013-09-06,1,450,466,531,638,283,3,175.887786094484,240,"Affected, Post-slump"
st_s002,st_s002,6,2014,2010,68.6937602052197,-131.64161998437,2014-06-05,4,440,484,616,571,286,3,286.800306755544,150,"Affected, Post-slump"
st_s002,st_s002,7,2014,2010,68.6937602052197,-131.64161998437,2014-07-23,11,571,801,815,1408,295,3,120.130911892964,200,"Affected, Post-slump"
st_s002,st_s002,7,2016,2015,68.6937602052197,-131.64161998437,2016-07-28,1,273,412,481,1120,299,3,486.30564226266,210,"Affected, Post-slump"
st_s002,st_s002,8,2016,2015,68.6937602052197,-131.64161998437,2016-08-13,1,414,555,737,787,292,3,513.926322896109,220,"Affected, Post-slump"
st_s002,st_s002,7,2018,2015,68.6937602052197,-131.64161998437,2018-07-18,7,256,425,427,846,290,3,169.27930082662,190,"Affected, Post-slump"
st_s002,st_s002,6,2020,2015,68.6937602052197,-131.64161998437,2020-06-05,24,241,223,177,199,282,3,11.6713277733326,150,"Affected, Post-slump"
st_s002,st_s002,7,2020,2015,68.6937602052197,-131.64161998437,2020-07-23,5,255,431,470,815,289,3,175.757856493722,200,"Affected, Post-slump"
st_s002,st_s002,8,2020,2015,68.6937602052197,-131.64161998437,2020-08-24,8,452,641,684,1103,293,3,131.509475217365,230,"Affected, Post-slump"
st_s002,st_s002,5,2021,2015,68.6937602052197,-131.64161998437,2021-05-23,2,469,570,715,956,282,3,472.331757620287,140,"Affected, Post-slump"
st_s002,st_s002,8,2021,2015,68.6937602052197,-131.64161998437,2021-08-11,7,604,757,779,1440,288,3,101.748693636766,220,"Affected, Post-slump"
st_s002,st_s002,8,2021,2015,68.6937602052197,-131.64161998437,2021-08-27,3,644,795,821,1247,286,3,92.0343819418689,230,"Affected, Post-slump"
st_s002,st_s002,6,2023,2015,68.6937602052197,-131.64161998437,2023-06-12,1,234,317,319,356,290,3,51.9255112260739,160,"Affected, Post-slump"
st_s002,st_s002,7,2023,2015,68.6937602052197,-131.64161998437,2023-07-04,1,337,515,545,1103,301,3,214.065626476433,180,"Affected, Post-slump"
st_s002,st_s002,6,2000,2000,68.6937602052197,-131.64161998437,2000-06-21,7,240,325,454,451,291,3,409.398799151475,170,"Affected, Post-slump"
st_s002,st_s002,7,2000,2000,68.6937602052197,-131.64161998437,2000-07-23,1,168,270,315,468,296,3,200.570685315262,200,"Affected, Post-slump"
st_s002,st_s002,7,2004,2000,68.6937602052197,-131.64161998437,2004-07-02,5,358,501,479,1027,294,3,92.0776281533809,180,"Affected, Post-slump"
st_s002,st_s002,7,2006,2005,68.6937602052197,-131.64161998437,2006-07-08,2,151,191,216,427,290,3,204.113694839648,180,"Affected, Post-slump"
st_s002,st_s002,7,2007,2005,68.6937602052197,-131.64161998437,2007-07-11,1,265,399,310,1046,302,3,52.5914063207673,190,"Affected, Post-slump"
st_s002,st_s002,9,2009,2005,68.6937602052197,-131.64161998437,2009-09-02,1,422,465,575,562,287,3,183.443464050641,240,"Affected, Post-slump"
st_s002,st_s002,9,2010,2010,68.6937602052197,-131.64161998437,2010-09-05,2,182,269,209,446,283,3,44.4532460189139,240,"Affected, Post-slump"
st_s002,st_s002,8,2012,2010,68.6937602052197,-131.64161998437,2012-08-09,5,330,520,623,1119,294,3,374.75740604916,220,"Affected, Post-slump"
st_s002,st_s002,6,2013,2010,68.6937602052197,-131.64161998437,2013-06-09,2,443,557,690,845,286,3,180.18283366984,160,"Affected, Post-slump"
st_s002,st_s002,8,2013,2010,68.6937602052197,-131.64161998437,2013-08-12,5,435,603,624,1234,299,3,143.95813797843,220,"Affected, Post-slump"
st_s002,st_s002,6,2014,2010,68.6937602052197,-131.64161998437,2014-06-12,1,282,304,317,440,295,3,60.6818422031682,160,"Affected, Post-slump"
st_s002,st_s002,7,2014,2010,68.6937602052197,-131.64161998437,2014-07-30,11,468,520,476,1132,281,3,68.7727332450699,210,"Affected, Post-slump"
st_s002,st_s002,7,2015,2015,68.6937602052197,-131.64161998437,2015-07-01,2,454,528,430,1169,297,3,37.8345541583822,180,"Affected, Post-slump"
st_s002,st_s002,6,2016,2015,68.6937602052197,-131.64161998437,2016-06-17,2,503,590,622,962,281,3,98.6150714918122,160,"Affected, Post-slump"
st_s002,st_s002,5,2017,2015,68.6937602052197,-131.64161998437,2017-05-19,4,700,784,874,1150,281,3,142.955195633736,130,"Affected, Post-slump"
st_s002,st_s002,8,2017,2015,68.6937602052197,-131.64161998437,2017-08-23,1,378,566,616,1098,293,3,158.796817089876,230,"Affected, Post-slump"
st_s002,st_s002,6,2018,2015,68.6937602052197,-131.64161998437,2018-06-07,1,266,306,312,360,286,3,90.2783953106605,150,"Affected, Post-slump"
st_s002,st_s002,7,2018,2015,68.6937602052197,-131.64161998437,2018-07-25,1,392,555,590,1040,296,3,182.965210540518,200,"Affected, Post-slump"
st_s002,st_s002,7,2019,2015,68.6937602052197,-131.64161998437,2019-07-28,6,471,747,748,1201,297,3,132.944718156632,200,"Affected, Post-slump"
st_s002,st_s002,5,2020,2015,68.6937602052197,-131.64161998437,2020-05-27,3,449,558,702,708,279,3,261.2832356949,140,"Affected, Post-slump"
st_s002,st_s002,7,2020,2015,68.6937602052197,-131.64161998437,2020-07-30,10,661,852,830,1487,295,3,94.6990241070353,210,"Affected, Post-slump"
st_s002,st_s002,6,2021,2015,68.6937602052197,-131.64161998437,2021-06-15,1,278,384,418,509,295,3,148.360459322539,160,"Affected, Post-slump"
st_s002,st_s002,7,2021,2015,68.6937602052197,-131.64161998437,2021-07-17,2,372,572,526,1112,299,3,109.437462725396,190,"Affected, Post-slump"
st_s002,st_s002,7,2022,2015,68.6937602052197,-131.64161998437,2022-07-16,5,498,715,742,1191,291,3,157.422938254277,190,"Affected, Post-slump"
st_s002,st_s002,7,2023,2015,68.6937602052197,-131.64161998437,2023-07-09,4,334,588,615,1103,298,3,225.11204791426,190,"Affected, Post-slump"
st_s002,st_s002,7,1999,1995,68.6937602052197,-131.64161998437,1999-07-12,11,162,192,163,394,288,3,29.1639609583392,190,"Affected, Post-slump"
st_s002,st_s002,7,1999,1995,68.6937602052197,-131.64161998437,1999-07-28,6,157,188,156,383,287,3,39.2067530332003,200,"Affected, Post-slump"
st_s002,st_s002,6,2000,2000,68.6937602052197,-131.64161998437,2000-06-12,5,441,549,631,846,287,3,174.601105636362,160,"Affected, Post-slump"
st_s002,st_s002,7,2002,2000,68.6937602052197,-131.64161998437,2002-07-20,22,141,157,114,283,299,3,12.0931441778935,200,"Affected, Post-slump"
st_s002,st_s002,9,2002,2000,68.6937602052197,-131.64161998437,2002-09-06,2,158,223,239,389,289,3,124.039640240158,240,"Affected, Post-slump"
st_s002,st_s002,8,2003,2000,68.6937602052197,-131.64161998437,2003-08-24,12,204,201,191,341,287,3,61.7664064618091,230,"Affected, Post-slump"
st_s002,st_s002,8,2004,2000,68.6937602052197,-131.64161998437,2004-08-26,5,255,190,174,325,281,3,31.3572231754355,230,"Affected, Post-slump"
st_s002,st_s002,8,2005,2005,68.6937602052197,-131.64161998437,2005-08-29,1,182,224,270,485,285,3,228.110174567111,240,"Affected, Post-slump"
st_s002,st_s002,6,2007,2005,68.6937602052197,-131.64161998437,2007-06-16,1,286,344,255,528,292,3,10.0030689066593,160,"Affected, Post-slump"
st_s002,st_s002,8,2009,2005,68.6937602052197,-131.64161998437,2009-08-24,1,454,493,544,1036,292,3,143.460116123502,230,"Affected, Post-slump"
st_s002,st_s002,5,2010,2010,68.6937602052197,-131.64161998437,2010-05-23,2,242,256,332,346,284,3,261.661386048107,140,"Affected, Post-slump"
st_s002,st_s002,5,2011,2010,68.6937602052197,-131.64161998437,2011-05-26,2,403,488,581,689,288,3,143.87946186837,140,"Affected, Post-slump"
st_s002,st_s002,6,2014,2010,68.6937602052197,-131.64161998437,2014-06-03,3,308,441,570,535,282,3,186.176149471229,150,"Affected, Post-slump"
st_s002,st_s002,5,2015,2015,68.6937602052197,-131.64161998437,2015-05-21,1,663,831,943,1143,282,3,139.090113923477,140,"Affected, Post-slump"
st_s002,st_s002,8,2015,2015,68.6937602052197,-131.64161998437,2015-08-09,1,463,562,589,1012,290,3,104.661336159166,220,"Affected, Post-slump"
st_s002,st_s002,7,2016,2015,68.6937602052197,-131.64161998437,2016-07-26,1,431,615,705,1180,288,3,255.674894978682,200,"Affected, Post-slump"
st_s002,st_s002,6,2017,2015,68.6937602052197,-131.64161998437,2017-06-11,1,177,246,251,361,286,3,85.9384275415499,160,"Affected, Post-slump"
st_s002,st_s002,7,2017,2015,68.6937602052197,-131.64161998437,2017-07-13,3,319,510,573,1026,295,3,245.36117006145,190,"Affected, Post-slump"
st_s002,st_s002,7,2017,2015,68.6937602052197,-131.64161998437,2017-07-29,1,377,590,608,1101,298,3,171.535316266677,210,"Affected, Post-slump"
st_s002,st_s002,5,2018,2015,68.6937602052197,-131.64161998437,2018-05-29,7,542,552,587,595,281,3,48.8533757926489,140,"Affected, Post-slump"
st_s002,st_s002,6,2018,2015,68.6937602052197,-131.64161998437,2018-06-14,6,261,242,240,293,289,3,43.9971410382829,160,"Affected, Post-slump"
st_s002,st_s002,8,2019,2015,68.6937602052197,-131.64161998437,2019-08-20,1,463,527,417,1089,284,3,22.5847692536199,230,"Affected, Post-slump"
st_s002,st_s002,6,2000,2000,68.6937602052197,-131.64161998437,2000-06-12,6,412,566,625,811,287,3,143.379748816318,160,"Affected, Post-slump"
st_s002,st_s002,8,2001,2000,68.6937602052197,-131.64161998437,2001-08-18,2,232,346,327,747,285,3,122.505550691558,230,"Affected, Post-slump"
st_s002,st_s002,7,2002,2000,68.6937602052197,-131.64161998437,2002-07-20,21,135,151,109,281,299,3,11.5082713084025,200,"Affected, Post-slump"
st_s002,st_s002,9,2002,2000,68.6937602052197,-131.64161998437,2002-09-06,2,163,215,278,299,290,3,142.139312079757,240,"Affected, Post-slump"
st_s002,st_s002,8,2003,2000,68.6937602052197,-131.64161998437,2003-08-24,12,216,207,166,304,287,3,13.243942482936,230,"Affected, Post-slump"
st_s002,st_s002,5,2010,2010,68.6937602052197,-131.64161998437,2010-05-23,2,246,255,349,346,284,3,326.070438894214,140,"Affected, Post-slump"
st_s002,st_s002,5,2011,2010,68.6937602052197,-131.64161998437,2011-05-26,2,374,479,609,688,288,3,297.678465847096,140,"Affected, Post-slump"
st_s002,st_s002,6,2014,2010,68.6937602052197,-131.64161998437,2014-06-03,3,310,440,569,533,282,3,208.324397674501,150,"Affected, Post-slump"
st_s002,st_s002,5,2015,2015,68.6937602052197,-131.64161998437,2015-05-21,1,676,837,947,1146,281,3,136.23578814954,140,"Affected, Post-slump"
st_s002,st_s002,8,2015,2015,68.6937602052197,-131.64161998437,2015-08-09,1,476,567,592,1069,290,3,118.915188673119,220,"Affected, Post-slump"
st_s002,st_s002,7,2016,2015,68.6937602052197,-131.64161998437,2016-07-26,2,410,600,676,1257,288,3,260.848330672142,200,"Affected, Post-slump"
st_s002,st_s002,6,2017,2015,68.6937602052197,-131.64161998437,2017-06-11,1,203,247,251,403,286,3,84.2400579530019,160,"Affected, Post-slump"
st_s002,st_s002,7,2017,2015,68.6937602052197,-131.64161998437,2017-07-13,1,387,548,538,1120,294,3,114.83356750492,190,"Affected, Post-slump"
st_s002,st_s002,5,2018,2015,68.6937602052197,-131.64161998437,2018-05-29,3,219,280,419,438,279,3,523.802021455358,140,"Affected, Post-slump"
st_s002,st_s002,6,2018,2015,68.6937602052197,-131.64161998437,2018-06-14,5,261,240,238,340,289,3,36.1763461740853,160,"Affected, Post-slump"
st_s002,st_s002,6,2018,2015,68.6937602052197,-131.64161998437,2018-06-30,3,167,178,139,245,290,3,10.8694883416418,180,"Affected, Post-slump"
st_s002,st_s002,7,2018,2015,68.6937602052197,-131.64161998437,2018-07-16,1,321,524,501,1079,295,3,121.982220856961,190,"Affected, Post-slump"
st_s002,st_s002,8,2019,2015,68.6937602052197,-131.64161998437,2019-08-20,4,406,484,425,841,282,3,27.1504897811302,230,"Affected, Post-slump"
st_s002,st_s002,6,2013,2010,68.6937602052197,-131.64161998437,2013-06-03,3,313,510,633,724,291,3,288.902114576425,150,"Affected, Post-slump"
st_s002,st_s002,6,2013,2010,68.6937602052197,-131.64161998437,2013-06-19,7,151,228,267,217,295,3,74.4066974586174,170,"Affected, Post-slump"
st_s002,st_s002,7,2013,2010,68.6937602052197,-131.64161998437,2013-07-21,4,209,386,455,360,295,3,86.298341150425,200,"Affected, Post-slump"
st_s002,st_s002,7,2014,2010,68.6937602052197,-131.64161998437,2014-07-08,10,189,297,359,344,296,3,102.953094195691,180,"Affected, Post-slump"
st_s002,st_s002,8,2014,2010,68.6937602052197,-131.64161998437,2014-08-09,6,342,530,615,684,292,3,170.030571007689,220,"Affected, Post-slump"
st_s002,st_s002,5,2015,2015,68.6937602052197,-131.64161998437,2015-05-24,15,234,367,472,326,293,3,132.643126436459,140,"Affected, Post-slump"
st_s002,st_s002,5,2016,2015,68.6937602052197,-131.64161998437,2016-05-10,2,380,560,664,549,284,3,174.569187818021,130,"Affected, Post-slump"
st_s002,st_s002,6,2016,2015,68.6937602052197,-131.64161998437,2016-06-11,5,139,180,225,196,290,3,100.477551085778,160,"Affected, Post-slump"
st_s002,st_s002,7,2016,2015,68.6937602052197,-131.64161998437,2016-07-13,2,274,473,530,870,301,3,204.05622111822,190,"Affected, Post-slump"
st_s002,st_s002,5,2017,2015,68.6937602052197,-131.64161998437,2017-05-29,1,182,285,363,354,291,3,123.317205109776,140,"Affected, Post-slump"
st_s002,st_s002,6,2017,2015,68.6937602052197,-131.64161998437,2017-06-14,4,124,177,230,91,292,3,116.478258460502,160,"Affected, Post-slump"
st_s002,st_s002,6,2017,2015,68.6937602052197,-131.64161998437,2017-06-30,15,215,447,547,554,296,3,122.259360332235,180,"Affected, Post-slump"
st_s002,st_s002,8,2017,2015,68.6937602052197,-131.64161998437,2017-08-01,4,121,227,266,282,299,3,89.4369609869862,210,"Affected, Post-slump"
st_s002,st_s002,8,2017,2015,68.6937602052197,-131.64161998437,2017-08-17,2,277,504,582,577,290,3,142.963305206276,220,"Affected, Post-slump"
st_s002,st_s002,9,2017,2015,68.6937602052197,-131.64161998437,2017-09-02,17,418,640,751,837,287,3,158.078731400131,240,"Affected, Post-slump"
st_s002,st_s002,6,2018,2015,68.6937602052197,-131.64161998437,2018-06-01,11,287,429,547,572,292,3,267.0799766821,150,"Affected, Post-slump"
st_s002,st_s002,6,2018,2015,68.6937602052197,-131.64161998437,2018-06-17,3,133,163,203,76,290,3,103.852632181578,160,"Affected, Post-slump"
st_s002,st_s002,6,2019,2015,68.6937602052197,-131.64161998437,2019-06-04,2,189,301,356,291,288,3,76.8435273685665,150,"Affected, Post-slump"
st_s002,st_s002,6,2019,2015,68.6937602052197,-131.64161998437,2019-06-20,2,279,507,571,612,291,3,109.456466040214,170,"Affected, Post-slump"
st_s002,st_s002,5,2021,2015,68.6937602052197,-131.64161998437,2021-05-24,5,370,521,626,639,286,3,186.638850525514,140,"Affected, Post-slump"
st_s002,st_s002,8,2021,2015,68.6937602052197,-131.64161998437,2021-08-28,6,316,558,594,503,294,3,57.0301712855372,240,"Affected, Post-slump"
st_s002,st_s002,8,2022,2015,68.6937602052197,-131.64161998437,2022-08-31,13,80,184,201,243,291,3,92.8739757407948,240,"Affected, Post-slump"
st_s002,st_s002,5,2023,2015,68.6937602052197,-131.64161998437,2023-05-14,3,218,496,440,673,280,3,110.652397301513,130,"Affected, Post-slump"
st_s002,st_s002,6,2024,2015,68.6937602052197,-131.64161998437,2024-06-01,12,300,447,563,547,288,3,250.097105689973,150,"Affected, Post-slump"
st_s002,st_s002,6,2024,2015,68.6937602052197,-131.64161998437,2024-06-17,10,212,362,438,323,295,3,78.6970626870581,160,"Affected, Post-slump"
st_s002,st_s002,6,2013,2010,68.6937602052197,-131.64161998437,2013-06-26,5,164,242,252,261,298,3,35.2875664100861,170,"Affected, Post-slump"
st_s002,st_s002,7,2014,2010,68.6937602052197,-131.64161998437,2014-07-31,8,428,716,793,720,286,3,105.359117955693,210,"Affected, Post-slump"
st_s002,st_s002,9,2014,2010,68.6937602052197,-131.64161998437,2014-09-01,13,312,542,694,582,284,3,193.123048752038,240,"Affected, Post-slump"
st_s002,st_s002,6,2016,2015,68.6937602052197,-131.64161998437,2016-06-18,4,64,161,215,73,297,3,45.4602023151579,170,"Affected, Post-slump"
st_s002,st_s002,7,2016,2015,68.6937602052197,-131.64161998437,2016-07-04,6,273,468,506,591,300,3,96.3656610330118,180,"Affected, Post-slump"
st_s002,st_s002,6,2017,2015,68.6937602052197,-131.64161998437,2017-06-05,8,133,200,264,150,288,3,114.09906097737,150,"Affected, Post-slump"
st_s002,st_s002,6,2017,2015,68.6937602052197,-131.64161998437,2017-06-21,4,144,250,275,251,299,3,43.1254498640859,170,"Affected, Post-slump"
st_s002,st_s002,6,2018,2015,68.6937602052197,-131.64161998437,2018-06-08,6,141,205,253,153,288,3,88.4799807419127,150,"Affected, Post-slump"
st_s002,st_s002,7,2018,2015,68.6937602052197,-131.64161998437,2018-07-10,7,151,289,352,349,295,3,124.883960742786,190,"Affected, Post-slump"
st_s002,st_s002,7,2018,2015,68.6937602052197,-131.64161998437,2018-07-26,2,427,678,778,730,297,3,137.517672358383,200,"Affected, Post-slump"
st_s002,st_s002,5,2019,2015,68.6937602052197,-131.64161998437,2019-05-26,15,206,335,444,318,287,3,156.100617307822,140,"Affected, Post-slump"
st_s002,st_s002,6,2019,2015,68.6937602052197,-131.64161998437,2019-06-27,13,243,433,482,440,293,3,62.1248589545034,170,"Affected, Post-slump"
st_s002,st_s002,7,2019,2015,68.6937602052197,-131.64161998437,2019-07-13,6,256,485,520,404,296,3,72.887344564092,190,"Affected, Post-slump"
st_s002,st_s002,5,2020,2015,68.6937602052197,-131.64161998437,2020-05-28,3,222,445,561,469,287,3,187.206262387018,140,"Affected, Post-slump"
st_s002,st_s002,7,2020,2015,68.6937602052197,-131.64161998437,2020-07-31,3,405,701,718,1075,298,3,148.924491321735,210,"Affected, Post-slump"
st_s002,st_s002,6,2021,2015,68.6937602052197,-131.64161998437,2021-06-16,10,177,301,358,253,299,3,63.8151924872167,160,"Affected, Post-slump"
st_s002,st_s002,8,2022,2015,68.6937602052197,-131.64161998437,2022-08-22,18,209,411,523,575,283,3,188.771724527926,230,"Affected, Post-slump"
st_s002,st_s002,7,2023,2015,68.6937602052197,-131.64161998437,2023-07-24,2,427,681,714,709,297,3,92.4030305727873,200,"Affected, Post-slump"
st_s002,st_s002,6,2024,2015,68.6937602052197,-131.64161998437,2024-06-08,6,365,565,676,743,290,3,208.194235955688,160,"Affected, Post-slump"
st_s002,st_s002,6,2024,2015,68.6937602052197,-131.64161998437,2024-06-24,10,186,293,341,271,297,3,74.1251907311532,170,"Affected, Post-slump"
st_s002,st_s002,5,2018,2015,68.6937602052197,-131.64161998437,2018-05-30,2,159,303,408,359,288,3,181.610673964436,150,"Affected, Post-slump"
st_s002,st_s002,7,2013,2010,68.6937602052197,-131.64161998437,2013-07-19,10,176,336,389,392,294,3,91.5534959450148,200,"Affected, Post-slump"
st_s002,st_s002,6,2014,2010,68.6937602052197,-131.64161998437,2014-06-04,16,231,372,500,362,289,3,233.859035241734,150,"Affected, Post-slump"
st_s002,st_s002,7,2014,2010,68.6937602052197,-131.64161998437,2014-07-06,6,108,170,229,240,295,3,199.87868425339,180,"Affected, Post-slump"
st_s002,st_s002,8,2014,2010,68.6937602052197,-131.64161998437,2014-08-23,17,413,698,818,822,289,3,152.154822528404,230,"Affected, Post-slump"
st_s002,st_s002,5,2015,2015,68.6937602052197,-131.64161998437,2015-05-22,16,317,507,626,581,293,3,199.644459818833,140,"Affected, Post-slump"
st_s002,st_s002,8,2015,2015,68.6937602052197,-131.64161998437,2015-08-10,10,188,343,405,394,298,3,100.646291855415,220,"Affected, Post-slump"
st_s002,st_s002,7,2016,2015,68.6937602052197,-131.64161998437,2016-07-27,11,234,416,534,517,295,3,170.300617467179,200,"Affected, Post-slump"
st_s002,st_s002,8,2016,2015,68.6937602052197,-131.64161998437,2016-08-28,15,189,373,482,408,287,3,119.836075228569,240,"Affected, Post-slump"
st_s002,st_s002,7,2017,2015,68.6937602052197,-131.64161998437,2017-07-14,2,280,554,603,734,297,3,106.318030332377,190,"Affected, Post-slump"
st_s002,st_s002,5,2018,2015,68.6937602052197,-131.64161998437,2018-05-30,3,124,268,323,252,288,3,108.502944454155,150,"Affected, Post-slump"
st_s002,st_s002,8,2018,2015,68.6937602052197,-131.64161998437,2018-08-18,17,288,505,603,534,285,3,118.290441504685,230,"Affected, Post-slump"
st_s002,st_s002,6,2019,2015,68.6937602052197,-131.64161998437,2019-06-18,5,143,257,276,262,293,3,74.5464545466737,160,"Affected, Post-slump"
st_s002,st_s002,7,2019,2015,68.6937602052197,-131.64161998437,2019-07-20,2,343,774,620,1081,293,3,96.0518454698635,200,"Affected, Post-slump"
st_s002,st_s002,8,2019,2015,68.6937602052197,-131.64161998437,2019-08-21,3,307,516,632,887,286,3,317.385318149013,230,"Affected, Post-slump"
st_s002,st_s002,6,2020,2015,68.6937602052197,-131.64161998437,2020-06-04,17,270,427,553,413,288,3,202.131495388394,150,"Affected, Post-slump"
st_s002,st_s002,8,2020,2015,68.6937602052197,-131.64161998437,2020-08-23,18,330,594,718,690,295,3,156.53714010888,230,"Affected, Post-slump"
st_s002,st_s002,5,2021,2015,68.6937602052197,-131.64161998437,2021-05-22,11,306,457,573,592,290,3,297.270467967486,140,"Affected, Post-slump"
st_s002,st_s002,6,2021,2015,68.6937602052197,-131.64161998437,2021-06-07,8,182,269,367,201,291,3,118.419169510094,150,"Affected, Post-slump"
st_s002,st_s002,6,2021,2015,68.6937602052197,-131.64161998437,2021-06-23,8,150,246,286,326,298,3,89.9963292406146,170,"Affected, Post-slump"
st_s002,st_s002,8,2021,2015,68.6937602052197,-131.64161998437,2021-08-26,8,268,497,526,487,294,3,71.5932846369688,230,"Affected, Post-slump"
st_s002,st_s002,6,2022,2015,68.6937602052197,-131.64161998437,2022-06-26,2,219,391,404,427,297,3,73.1125601539115,170,"Affected, Post-slump"
st_s002,st_s002,8,2022,2015,68.6937602052197,-131.64161998437,2022-08-13,14,289,535,625,603,298,3,122.033389761664,220,"Affected, Post-slump"
st_s002,st_s002,6,2024,2015,68.6937602052197,-131.64161998437,2024-06-15,17,245,389,487,307,293,3,125.793284399631,160,"Affected, Post-slump"
st_s002,st_s002,6,2013,2010,68.6937602052197,-131.64161998437,2013-06-08,14,224,352,472,311,291,3,179.277373957582,150,"Affected, Post-slump"
st_s002,st_s002,7,2013,2010,68.6937602052197,-131.64161998437,2013-07-10,2,154,221,276,195,294,3,115.819129562029,190,"Affected, Post-slump"
st_s002,st_s002,8,2013,2010,68.6937602052197,-131.64161998437,2013-08-11,13,274,500,584,697,306,3,159.719289461726,220,"Affected, Post-slump"
st_s002,st_s002,6,2014,2010,68.6937602052197,-131.64161998437,2014-06-27,1,58,152,208,218,296,3,270.079053684313,170,"Affected, Post-slump"
st_s002,st_s002,7,2014,2010,68.6937602052197,-131.64161998437,2014-07-13,17,384,640,740,804,302,3,161.309201253151,190,"Affected, Post-slump"
st_s002,st_s002,7,2015,2015,68.6937602052197,-131.64161998437,2015-07-16,3,409,690,789,892,298,3,154.134303754721,190,"Affected, Post-slump"
st_s002,st_s002,7,2016,2015,68.6937602052197,-131.64161998437,2016-07-02,14,355,604,686,674,300,3,100.539039296245,180,"Affected, Post-slump"
st_s002,st_s002,5,2017,2015,68.6937602052197,-131.64161998437,2017-05-18,3,237,608,593,1243,287,3,503.407691759274,130,"Affected, Post-slump"
st_s002,st_s002,6,2017,2015,68.6937602052197,-131.64161998437,2017-06-03,7,115,191,272,122,288,3,108.052500882071,150,"Affected, Post-slump"
st_s002,st_s002,6,2017,2015,68.6937602052197,-131.64161998437,2017-06-19,3,111,221,283,160,296,3,70.5607633915332,170,"Affected, Post-slump"
st_s002,st_s002,6,2018,2015,68.6937602052197,-131.64161998437,2018-06-22,5,193,284,339,324,299,3,82.2232392466468,170,"Affected, Post-slump"
st_s002,st_s002,8,2018,2015,68.6937602052197,-131.64161998437,2018-08-25,16,324,579,704,716,286,3,168.827439735532,230,"Affected, Post-slump"
st_s002,st_s002,5,2019,2015,68.6937602052197,-131.64161998437,2019-05-24,20,320,493,612,612,290,3,221.747935941966,140,"Affected, Post-slump"
st_s002,st_s002,6,2019,2015,68.6937602052197,-131.64161998437,2019-06-09,7,164,263,311,288,295,3,78.204065984131,160,"Affected, Post-slump"
st_s002,st_s002,7,2019,2015,68.6937602052197,-131.64161998437,2019-07-27,8,390,684,754,790,294,3,112.308757405098,200,"Affected, Post-slump"
st_s002,st_s002,5,2020,2015,68.6937602052197,-131.64161998437,2020-05-26,4,137,495,632,648,282,3,160.318646826537,140,"Affected, Post-slump"
st_s002,st_s002,6,2021,2015,68.6937602052197,-131.64161998437,2021-06-14,5,165,279,348,229,293,3,82.6956576668391,160,"Affected, Post-slump"
st_s002,st_s002,7,2021,2015,68.6937602052197,-131.64161998437,2021-07-16,11,227,466,531,609,294,3,140.157340504394,190,"Affected, Post-slump"
st_s002,st_s002,6,2022,2015,68.6937602052197,-131.64161998437,2022-06-01,5,272,464,595,579,286,3,235.775720356775,150,"Affected, Post-slump"
st_s002,st_s002,7,2022,2015,68.6937602052197,-131.64161998437,2022-07-03,8,168,303,347,344,301,3,80.6328179825961,180,"Affected, Post-slump"
st_s002,st_s002,8,2022,2015,68.6937602052197,-131.64161998437,2022-08-04,8,188,380,483,440,298,3,120.857527647778,210,"Affected, Post-slump"
st_s002,st_s002,5,2023,2015,68.6937602052197,-131.64161998437,2023-05-19,2,129,309,399,404,283,3,153.487136143021,130,"Affected, Post-slump"
st_s002,st_s002,6,2023,2015,68.6937602052197,-131.64161998437,2023-06-04,10,175,295,379,295,296,3,91.659024567489,150,"Affected, Post-slump"
st_s002,st_s002,7,2023,2015,68.6937602052197,-131.64161998437,2023-07-22,11,295,513,543,716,302,3,129.949132880287,200,"Affected, Post-slump"
st_s002,st_s002,7,2013,2010,68.6937602052197,-131.64161998437,2013-07-10,1,127,209,268,194,294,3,121.500950343446,190,"Affected, Post-slump"
st_s002,st_s002,8,2013,2010,68.6937602052197,-131.64161998437,2013-08-11,12,284,495,565,706,306,3,154.477911227701,220,"Affected, Post-slump"
st_s002,st_s002,6,2014,2010,68.6937602052197,-131.64161998437,2014-06-27,2,81,160,215,195,296,3,232.805297045742,170,"Affected, Post-slump"
st_s002,st_s002,7,2014,2010,68.6937602052197,-131.64161998437,2014-07-13,18,400,642,756,827,302,3,191.995286800855,190,"Affected, Post-slump"
st_s002,st_s002,8,2014,2010,68.6937602052197,-131.64161998437,2014-08-14,18,372,632,719,741,288,3,145.671296023278,220,"Affected, Post-slump"
st_s002,st_s002,7,2015,2015,68.6937602052197,-131.64161998437,2015-07-16,2,354,636,709,947,297,3,199.079524586289,190,"Affected, Post-slump"
st_s002,st_s002,7,2016,2015,68.6937602052197,-131.64161998437,2016-07-02,14,365,603,690,648,300,3,94.9701797086893,180,"Affected, Post-slump"
st_s002,st_s002,6,2017,2015,68.6937602052197,-131.64161998437,2017-06-03,8,121,194,273,138,287,3,111.937104883843,150,"Affected, Post-slump"
st_s002,st_s002,6,2017,2015,68.6937602052197,-131.64161998437,2017-06-19,5,137,231,284,224,297,3,64.3654092037884,170,"Affected, Post-slump"
st_s002,st_s002,7,2017,2015,68.6937602052197,-131.64161998437,2017-07-05,14,276,462,541,469,294,3,88.2109221108231,180,"Affected, Post-slump"
st_s002,st_s002,6,2018,2015,68.6937602052197,-131.64161998437,2018-06-22,5,179,270,326,303,299,3,79.3299618429862,170,"Affected, Post-slump"
st_s002,st_s002,7,2018,2015,68.6937602052197,-131.64161998437,2018-07-24,3,312,595,646,1047,294,3,206.835618459657,200,"Affected, Post-slump"
st_s002,st_s002,5,2019,2015,68.6937602052197,-131.64161998437,2019-05-24,21,316,486,615,620,290,3,265.989009216408,140,"Affected, Post-slump"
st_s002,st_s002,6,2019,2015,68.6937602052197,-131.64161998437,2019-06-09,6,168,255,298,279,295,3,69.1317993923423,160,"Affected, Post-slump"
st_s002,st_s002,7,2019,2015,68.6937602052197,-131.64161998437,2019-07-27,12,411,672,742,826,295,3,122.126105090927,200,"Affected, Post-slump"
st_s002,st_s002,8,2019,2015,68.6937602052197,-131.64161998437,2019-08-12,3,400,686,599,842,281,3,74.0696665710513,220,"Affected, Post-slump"
st_s002,st_s002,5,2020,2015,68.6937602052197,-131.64161998437,2020-05-26,3,541,796,859,1263,282,3,146.828625447855,140,"Affected, Post-slump"
st_s002,st_s002,6,2021,2015,68.6937602052197,-131.64161998437,2021-06-14,5,103,227,287,245,293,3,96.4601407298041,160,"Affected, Post-slump"
st_s002,st_s002,7,2021,2015,68.6937602052197,-131.64161998437,2021-07-16,11,267,463,537,605,294,3,162.582608815231,190,"Affected, Post-slump"
st_s002,st_s002,6,2022,2015,68.6937602052197,-131.64161998437,2022-06-01,5,267,466,601,595,285,3,249.600397381909,150,"Affected, Post-slump"
st_s002,st_s002,7,2022,2015,68.6937602052197,-131.64161998437,2022-07-03,9,186,307,355,352,301,3,87.7672307826904,180,"Affected, Post-slump"
st_s002,st_s002,8,2022,2015,68.6937602052197,-131.64161998437,2022-08-04,10,210,399,486,412,298,3,87.9965651372086,210,"Affected, Post-slump"
st_s002,st_s002,6,2023,2015,68.6937602052197,-131.64161998437,2023-06-04,10,186,304,380,278,296,3,95.3638789859256,150,"Affected, Post-slump"
st_s002,st_s002,7,2023,2015,68.6937602052197,-131.64161998437,2023-07-22,9,297,499,529,623,302,3,87.8425325032707,200,"Affected, Post-slump"
st_s002,st_s002,7,2022,2015,68.6937602052197,-131.64161998437,2022-07-06,3,309,606,554,938,302,3,103.001527468534,180,"Affected, Post-slump"
st_s002,st_s002,5,2023,2015,68.6937602052197,-131.64161998437,2023-05-22,4,308,460,553,585,292,3,135.552135019966,140,"Affected, Post-slump"
st_s002,st_s002,6,2023,2015,68.6937602052197,-131.64161998437,2023-06-07,2,127,262,281,289,296,3,65.0554622753041,150,"Affected, Post-slump"
st_s002,st_s002,7,2023,2015,68.6937602052197,-131.64161998437,2023-07-09,7,350,588,615,658,301,3,75.6727117217209,190,"Affected, Post-slump"
st_s002,st_s002,7,2023,2015,68.6937602052197,-131.64161998437,2023-07-25,2,370,708,707,676,305,3,63.0809154737918,200,"Affected, Post-slump"
st_s002,st_s002,7,2024,2015,68.6937602052197,-131.64161998437,2024-07-11,11,190,326,391,574,296,3,200.642940836666,190,"Affected, Post-slump"
st_s002,st_s002,8,2022,2015,68.6937602052197,-131.64161998437,2022-08-30,12,192,379,474,445,289,3,122.18182555523,240,"Affected, Post-slump"
st_s002,st_s002,5,2023,2015,68.6937602052197,-131.64161998437,2023-05-29,6,165,274,359,250,294,3,143.616612182145,140,"Affected, Post-slump"
st_s002,st_s002,6,2023,2015,68.6937602052197,-131.64161998437,2023-06-30,7,152,312,377,345,306,3,93.6274449493713,180,"Affected, Post-slump"
st_s002,st_s002,6,2024,2015,68.6937602052197,-131.64161998437,2024-06-16,16,220,372,456,337,294,3,115.936914316973,160,"Affected, Post-slump"
st_s002,st_s002,5,2023,2015,68.6937602052197,-131.64161998437,2023-05-20,14,201,339,423,388,288,3,147.909049855801,140,"Affected, Post-slump"
st_s002,st_s002,6,2024,2015,68.6937602052197,-131.64161998437,2024-06-23,9,149,267,323,275,294,3,84.6403015993428,170,"Affected, Post-slump"
st_s002,st_s002,8,2022,2015,68.6937602052197,-131.64161998437,2022-08-05,13,246,456,551,495,299,3,116.061319452948,210,"Affected, Post-slump"
st_s002,st_s002,5,2023,2015,68.6937602052197,-131.64161998437,2023-05-20,15,203,325,421,427,287,3,214.823208581696,140,"Affected, Post-slump"
st_s002,st_s002,6,2023,2015,68.6937602052197,-131.64161998437,2023-06-21,3,158,238,271,156,295,3,58.9765695071268,170,"Affected, Post-slump"
st_s002,st_s002,7,2023,2015,68.6937602052197,-131.64161998437,2023-07-23,2,449,780,821,846,300,3,97.092760866413,200,"Affected, Post-slump"
st_s002,st_s002,6,2024,2015,68.6937602052197,-131.64161998437,2024-06-23,11,161,275,328,278,294,3,80.6978869173701,170,"Affected, Post-slump"
st_s002,st_s002,8,2022,2015,68.6937602052197,-131.64161998437,2022-08-12,19,356,652,729,818,296,3,139.261406709102,220,"Affected, Post-slump"
st_s002,st_s002,6,2023,2015,68.6937602052197,-131.64161998437,2023-06-12,3,121,215,276,110,295,3,75.7136555605477,160,"Affected, Post-slump"
st_s002,st_s002,7,2023,2015,68.6937602052197,-131.64161998437,2023-07-30,2,363,668,607,878,301,3,72.6159079169795,210,"Affected, Post-slump"
st_s002,st_s002,5,2024,2015,68.6937602052197,-131.64161998437,2024-05-29,4,337,581,702,941,284,3,279.134831637343,150,"Affected, Post-slump"
st_s002,st_s002,6,2024,2015,68.6937602052197,-131.64161998437,2024-06-14,17,241,405,512,380,290,3,134.251193512825,160,"Affected, Post-slump"
st_s002,st_s002,8,2022,2015,68.6937602052197,-131.64161998437,2022-08-12,18,391,669,743,783,295,3,132.897553571504,220,"Affected, Post-slump"
st_s002,st_s002,7,2023,2015,68.6937602052197,-131.64161998437,2023-07-30,2,355,613,543,998,302,3,76.9776366521641,210,"Affected, Post-slump"
st_s002,st_s002,5,2024,2015,68.6937602052197,-131.64161998437,2024-05-29,3,324,582,701,773,285,3,251.940708980617,150,"Affected, Post-slump"
st_s002,st_s002,6,2024,2015,68.6937602052197,-131.64161998437,2024-06-14,17,263,413,515,377,290,3,132.939323178518,160,"Affected, Post-slump"
st_s002_ref,st_s002_ref,6,1985,1990,68.5406702051966,-131.947049984511,1985-06-22,1,198,293,243,253,295,6,5.72525868987424,170,Reference
st_s002_ref,st_s002_ref,7,1985,1990,68.5406702051966,-131.947049984511,1985-07-08,1,224,308,255,352,288,6,9.64409487841543,180,Reference
st_s002_ref,st_s002_ref,8,1985,1990,68.5406702051966,-131.947049984511,1985-08-25,1,341,426,318,271,282,6,4.07885932409268,230,Reference
st_s002_ref,st_s002_ref,6,1986,1990,68.5406702051966,-131.947049984511,1986-06-09,5,336,453,493,661,282,6,16.5041241969823,160,Reference
st_s002_ref,st_s002_ref,6,1986,1990,68.5406702051966,-131.947049984511,1986-06-25,1,182,187,231,63,291,6,7.97774875307048,170,Reference
st_s002_ref,st_s002_ref,6,1988,1990,68.5406702051966,-131.947049984511,1988-06-14,1,132,165,176,191,291,6,7.63385708266091,160,Reference
st_s002_ref,st_s002_ref,6,1988,1990,68.5406702051966,-131.947049984511,1988-06-30,1,192,241,161,248,294,6,6.56649077249909,180,Reference
st_s002_ref,st_s002_ref,9,1989,1990,68.5406702051966,-131.947049984511,1989-09-05,1,328,311,374,116,286,6,10.6273919556542,240,Reference
st_s002_ref,st_s002_ref,8,1990,1990,68.5406702051966,-131.947049984511,1990-08-07,1,201,245,228,312,287,6,9.02851878305133,210,Reference
st_s002_ref,st_s002_ref,6,1991,1990,68.5406702051966,-131.947049984511,1991-06-07,2,244,224,217,205,284,6,4.69782109889984,150,Reference
st_s002_ref,st_s002_ref,7,1994,1990,68.5406702051966,-131.947049984511,1994-07-01,1,183,235,250,122,295,6,13.067892677846,180,Reference
st_s002_ref,st_s002_ref,8,1994,1990,68.5406702051966,-131.947049984511,1994-08-18,1,250,417,290,308,291,6,6.91995056202658,230,Reference
st_s002_ref,st_s002_ref,5,1998,1995,68.5406702051966,-131.947049984511,1998-05-25,2,259,227,264,255,288,6,8.37765415062327,140,Reference
st_s002_ref,st_s002_ref,7,1998,1995,68.5406702051966,-131.947049984511,1998-07-12,2,152,269,236,238,290,6,12.7434603788296,190,Reference
st_s002_ref,st_s002_ref,7,1998,1995,68.5406702051966,-131.947049984511,1998-07-28,1,220,275,238,256,292,6,9.42856843716386,200,Reference
st_s002_ref,st_s002_ref,7,1999,1995,68.5406702051966,-131.947049984511,1999-07-31,1,190,292,251,269,294,6,12.9020571641036,210,Reference
st_s002_ref,st_s002_ref,6,2004,2000,68.5406702051966,-131.947049984511,2004-06-10,2,289,322,396,381,287,6,15.2214552285788,160,Reference
st_s002_ref,st_s002_ref,8,2005,2005,68.5406702051966,-131.947049984511,2005-08-16,1,194,202,221,130,291,6,5.62209169452125,220,Reference
st_s002_ref,st_s002_ref,6,2006,2005,68.5406702051966,-131.947049984511,2006-06-16,1,196,206,174,177,294,6,4.44519971410363,160,Reference
st_s002_ref,st_s002_ref,8,2006,2005,68.5406702051966,-131.947049984511,2006-08-03,1,138,236,160,56,294,6,7.06875679095875,210,Reference
st_s002_ref,st_s002_ref,9,2006,2005,68.5406702051966,-131.947049984511,2006-09-04,1,207,238,246,110,286,6,12.4565486575751,240,Reference
st_s002_ref,st_s002_ref,6,2007,2005,68.5406702051966,-131.947049984511,2007-06-19,1,174,275,207,165,288,6,6.07884671962601,170,Reference
st_s002_ref,st_s002_ref,8,2007,2005,68.5406702051966,-131.947049984511,2007-08-06,1,164,237,187,274,291,6,5.4579529336087,210,Reference
st_s002_ref,st_s002_ref,8,2007,2005,68.5406702051966,-131.947049984511,2007-08-22,1,226,266,223,242,287,6,4.37784890839749,230,Reference
st_s002_ref,st_s002_ref,8,2010,2010,68.5406702051966,-131.947049984511,2010-08-30,5,275,213,200,344,286,6,4.4713437551199,240,Reference
st_s002_ref,st_s002_ref,7,1985,1990,68.5406702051966,-131.947049984511,1985-07-31,1,206,299,234,311,287,6,8.17521297110209,210,Reference
st_s002_ref,st_s002_ref,6,1987,1990,68.5406702051966,-131.947049984511,1987-06-03,5,379,477,477,602,283,6,11.5015620487939,150,Reference
st_s002_ref,st_s002_ref,6,1988,1990,68.5406702051966,-131.947049984511,1988-06-21,2,240,251,248,201,293,6,7.26244346823546,170,Reference
st_s002_ref,st_s002_ref,6,1989,1990,68.5406702051966,-131.947049984511,1989-06-08,1,268,328,347,316,290,6,10.592000570815,150,Reference
st_s002_ref,st_s002_ref,8,1989,1990,68.5406702051966,-131.947049984511,1989-08-27,3,447,577,512,484,291,6,11.2124719579691,230,Reference
st_s002_ref,st_s002_ref,6,1990,1990,68.5406702051966,-131.947049984511,1990-06-27,2,229,273,270,311,291,6,8.63613287358326,170,Reference
st_s002_ref,st_s002_ref,8,1990,1990,68.5406702051966,-131.947049984511,1990-08-14,1,209,246,273,298,290,6,14.5581071459734,220,Reference
st_s002_ref,st_s002_ref,5,1991,1990,68.5406702051966,-131.947049984511,1991-05-13,11,454,384,394,462,287,6,5.90900778936874,130,Reference
st_s002_ref,st_s002_ref,5,1991,1990,68.5406702051966,-131.947049984511,1991-05-29,2,215,186,238,223,289,6,9.3285774639522,140,Reference
st_s002_ref,st_s002_ref,6,1991,1990,68.5406702051966,-131.947049984511,1991-06-14,1,227,285,309,228,291,6,16.6958906238774,160,Reference
st_s002_ref,st_s002_ref,6,1994,1990,68.5406702051966,-131.947049984511,1994-06-06,3,213,226,202,190,287,6,3.76394293631018,150,Reference
st_s002_ref,st_s002_ref,5,1995,1995,68.5406702051966,-131.947049984511,1995-05-24,15,761,700,771,1039,278,6,13.5040487714914,140,Reference
st_s002_ref,st_s002_ref,7,1995,1995,68.5406702051966,-131.947049984511,1995-07-11,1,166,149,160,315,296,6,7.02612689808391,190,Reference
st_s002_ref,st_s002_ref,7,1996,1995,68.5406702051966,-131.947049984511,1996-07-13,142,529,483,355,1121,292,6,7.05374723190602,190,Reference
st_s002_ref,st_s002_ref,8,1996,1995,68.5406702051966,-131.947049984511,1996-08-14,1,170,285,240,220,290,6,7.92834991356261,220,Reference
st_s002_ref,st_s002_ref,7,1998,1995,68.5406702051966,-131.947049984511,1998-07-19,8,444,536,331,1087,296,6,8.05555867656,200,Reference
st_s002_ref,st_s002_ref,8,1998,1995,68.5406702051966,-131.947049984511,1998-08-20,2,310,339,329,354,290,6,10.436406303369,230,Reference
st_s002_ref,st_s002_ref,9,1998,1995,68.5406702051966,-131.947049984511,1998-09-05,21,690,695,600,604,283,6,5.92737442603528,240,Reference
st_s002_ref,st_s002_ref,7,2004,2000,68.5406702051966,-131.947049984511,2004-07-19,1,308,281,289,249,292,6,6.08430662542169,200,Reference
st_s002_ref,st_s002_ref,6,2005,2005,68.5406702051966,-131.947049984511,2005-06-20,2,168,189,249,247,288,6,23.9680027812418,170,Reference
st_s002_ref,st_s002_ref,7,2006,2005,68.5406702051966,-131.947049984511,2006-07-09,1,170,212,154,136,288,6,3.02545529100452,190,Reference
st_s002_ref,st_s002_ref,7,2006,2005,68.5406702051966,-131.947049984511,2006-07-25,1,143,189,211,195,290,6,16.3851615458481,200,Reference
st_s002_ref,st_s002_ref,8,2006,2005,68.5406702051966,-131.947049984511,2006-08-10,1,168,225,194,112,290,6,6.5824744230869,220,Reference
st_s002_ref,st_s002_ref,7,2007,2005,68.5406702051966,-131.947049984511,2007-07-12,24,345,374,276,606,293,6,6.26849710396946,190,Reference
st_s002_ref,st_s002_ref,8,2007,2005,68.5406702051966,-131.947049984511,2007-08-29,2,242,270,298,593,287,6,17.5387600079948,240,Reference
st_s002_ref,st_s002_ref,8,2008,2005,68.5406702051966,-131.947049984511,2008-08-15,1,258,402,288,276,284,6,4.75425850077574,220,Reference
st_s002_ref,st_s002_ref,7,2009,2005,68.5406702051966,-131.947049984511,2009-07-17,1,252,366,312,292,286,6,13.0071385459747,190,Reference
st_s002_ref,st_s002_ref,9,2009,2005,68.5406702051966,-131.947049984511,2009-09-03,2,406,439,351,432,287,6,4.8632048548303,240,Reference
st_s002_ref,st_s002_ref,5,2010,2010,68.5406702051966,-131.947049984511,2010-05-01,10,936,991,975,1003,276,6,14.7334186662364,120,Reference
st_s002_ref,st_s002_ref,7,2010,2010,68.5406702051966,-131.947049984511,2010-07-04,2,319,419,395,1062,294,6,17.8941190559394,180,Reference
st_s002_ref,st_s002_ref,8,2010,2010,68.5406702051966,-131.947049984511,2010-08-05,1,219,213,233,292,300,6,16.1162305802674,210,Reference
st_s002_ref,st_s002_ref,7,2011,2010,68.5406702051966,-131.947049984511,2011-07-07,1,186,350,264,339,294,6,18.0344282695314,180,Reference
st_s002_ref,st_s002_ref,8,2011,2010,68.5406702051966,-131.947049984511,2011-08-08,7,340,488,358,655,289,6,11.8682037214572,220,Reference
st_s002_ref,st_s002_ref,8,1985,1990,68.5406702051966,-131.947049984511,1985-08-07,1,281,368,378,323,289,6,12.4260788564729,210,Reference
st_s002_ref,st_s002_ref,8,1986,1990,68.5406702051966,-131.947049984511,1986-08-10,1,185,265,244,223,292,6,20.4094175963852,220,Reference
st_s002_ref,st_s002_ref,7,1988,1990,68.5406702051966,-131.947049984511,1988-07-14,1,150,285,232,326,297,6,13.6986541295647,190,Reference
st_s002_ref,st_s002_ref,6,1989,1990,68.5406702051966,-131.947049984511,1989-06-15,2,146,244,237,190,287,6,26.2220381285498,160,Reference
st_s002_ref,st_s002_ref,8,1989,1990,68.5406702051966,-131.947049984511,1989-08-18,3,156,264,239,423,289,6,12.7650266191568,230,Reference
st_s002_ref,st_s002_ref,7,1990,1990,68.5406702051966,-131.947049984511,1990-07-04,1,168,209,245,283,295,6,20.3769903485453,180,Reference
st_s002_ref,st_s002_ref,6,1994,1990,68.5406702051966,-131.947049984511,1994-06-13,1,197,279,208,234,291,6,3.03839340927231,160,Reference
st_s002_ref,st_s002_ref,7,1995,1995,68.5406702051966,-131.947049984511,1995-07-02,1,196,204,170,270,292,6,5.1524451478226,180,Reference
st_s002_ref,st_s002_ref,8,2003,2000,68.5406702051966,-131.947049984511,2003-08-09,2,219,271,232,301,288,6,6.82340972832605,220,Reference
st_s002_ref,st_s002_ref,6,2004,2000,68.5406702051966,-131.947049984511,2004-06-08,3,376,460,507,600,286,6,11.9909695895999,160,Reference
st_s002_ref,st_s002_ref,7,2004,2000,68.5406702051966,-131.947049984511,2004-07-26,1,174,229,245,96,295,6,13.9378291873169,200,Reference
st_s002_ref,st_s002_ref,5,2005,2005,68.5406702051966,-131.947049984511,2005-05-26,9,69,108,106,159,281,6,4.37218053084357,140,Reference
st_s002_ref,st_s002_ref,8,2005,2005,68.5406702051966,-131.947049984511,2005-08-14,3,158,200,177,290,287,6,13.8260471047519,220,Reference
st_s002_ref,st_s002_ref,6,2006,2005,68.5406702051966,-131.947049984511,2006-06-14,2,235,317,296,239,295,6,17.7157905838774,160,Reference
st_s002_ref,st_s002_ref,8,2006,2005,68.5406702051966,-131.947049984511,2006-08-01,4,159,184,207,285,297,6,16.9291623031033,210,Reference
st_s002_ref,st_s002_ref,7,2007,2005,68.5406702051966,-131.947049984511,2007-07-03,2,139,223,203,232,290,6,16.3569886949838,180,Reference
st_s002_ref,st_s002_ref,9,2007,2005,68.5406702051966,-131.947049984511,2007-09-05,2,182,239,275,301,284,6,19.5623712951545,240,Reference
st_s002_ref,st_s002_ref,7,2008,2005,68.5406702051966,-131.947049984511,2008-07-05,1,153,186,209,152,296,6,8.56248950031872,180,Reference
st_s002_ref,st_s002_ref,6,2009,2005,68.5406702051966,-131.947049984511,2009-06-22,1,323,444,292,390,292,6,6.22110627444116,170,Reference
st_s002_ref,st_s002_ref,7,2009,2005,68.5406702051966,-131.947049984511,2009-07-08,3,207,314,239,403,287,6,7.9350447391358,180,Reference
st_s002_ref,st_s002_ref,8,2009,2005,68.5406702051966,-131.947049984511,2009-08-25,3,499,686,701,1315,292,6,35.1979408713779,230,Reference
st_s002_ref,st_s002_ref,5,2011,2010,68.5406702051966,-131.947049984511,2011-05-27,2,361,485,527,616,291,6,17.2032445590524,140,Reference
st_s002_ref,st_s002_ref,8,2011,2010,68.5406702051966,-131.947049984511,2011-08-31,3,209,282,229,343,282,6,9.16217470746536,240,Reference
st_s002_ref,st_s002_ref,7,1986,1990,68.5406702051966,-131.947049984511,1986-07-16,1,296,422,438,449,292,6,27.2960918897468,190,Reference
st_s002_ref,st_s002_ref,9,1986,1990,68.5406702051966,-131.947049984511,1986-09-02,2,257,382,379,584,287,6,30.9658006542118,240,Reference
st_s002_ref,st_s002_ref,8,1988,1990,68.5406702051966,-131.947049984511,1988-08-06,3,451,610,453,954,289,6,11.4540502740936,210,Reference
st_s002_ref,st_s002_ref,6,1989,1990,68.5406702051966,-131.947049984511,1989-06-22,2,167,227,222,192,294,6,6.20060364355246,170,Reference
st_s002_ref,st_s002_ref,7,1991,1990,68.5406702051966,-131.947049984511,1991-07-30,2,220,300,299,311,290,6,20.5885563031956,210,Reference
st_s002_ref,st_s002_ref,7,1994,1990,68.5406702051966,-131.947049984511,1994-07-22,1,206,318,275,383,293,6,8.50812730091625,200,Reference
st_s002_ref,st_s002_ref,6,1995,1995,68.5406702051966,-131.947049984511,1995-06-07,1,113,141,154,149,293,6,9.58701692886758,150,Reference
st_s002_ref,st_s002_ref,6,1996,1995,68.5406702051966,-131.947049984511,1996-06-09,7,400,442,492,403,288,6,12.3391458979781,160,Reference
st_s002_ref,st_s002_ref,8,1996,1995,68.5406702051966,-131.947049984511,1996-08-28,3,253,400,427,392,278,6,64.5159216829861,240,Reference
st_s002_ref,st_s002_ref,6,1998,1995,68.5406702051966,-131.947049984511,1998-06-15,2,207,239,174,242,291,6,3.67236877375546,160,Reference
st_s002_ref,st_s002_ref,6,1999,1995,68.5406702051966,-131.947049984511,1999-06-02,2,292,360,385,491,287,6,5.08307667957652,150,Reference
st_s002_ref,st_s002_ref,7,1999,1995,68.5406702051966,-131.947049984511,1999-07-04,1,280,321,355,192,289,6,14.503523472497,180,Reference
st_s002_ref,st_s002_ref,8,1999,1995,68.5406702051966,-131.947049984511,1999-08-21,2,129,259,268,261,288,6,72.2762311046377,230,Reference
st_s002_ref,st_s002_ref,7,2004,2000,68.5406702051966,-131.947049984511,2004-07-01,2,201,210,212,313,291,6,9.53794940716683,180,Reference
st_s002_ref,st_s002_ref,6,2005,2005,68.5406702051966,-131.947049984511,2005-06-18,2,190,223,201,270,286,6,6.3837837488543,160,Reference
st_s002_ref,st_s002_ref,6,2006,2005,68.5406702051966,-131.947049984511,2006-06-05,11,271,353,377,300,282,6,18.2899434826987,150,Reference
st_s002_ref,st_s002_ref,7,2007,2005,68.5406702051966,-131.947049984511,2007-07-10,1,247,308,347,290,298,6,22.2114972215836,190,Reference
st_s002_ref,st_s002_ref,6,2008,2005,68.5406702051966,-131.947049984511,2008-06-26,2,134,201,203,320,297,6,21.1144554809129,170,Reference
st_s002_ref,st_s002_ref,7,2008,2005,68.5406702051966,-131.947049984511,2008-07-28,1,385,525,429,1229,293,6,18.0566942033639,210,Reference
st_s002_ref,st_s002_ref,6,2009,2005,68.5406702051966,-131.947049984511,2009-06-13,6,233,362,313,315,285,6,12.9496198265952,160,Reference
st_s002_ref,st_s002_ref,8,2010,2010,68.5406702051966,-131.947049984511,2010-08-19,1,106,224,238,196,290,6,164.617483645766,230,Reference
st_s002_ref,st_s002_ref,9,2010,2010,68.5406702051966,-131.947049984511,2010-09-04,4,166,197,215,265,282,6,7.83346265790942,240,Reference
st_s002_ref,st_s002_ref,8,1999,1995,68.5406702051966,-131.947049984511,1999-08-08,1,182,214,224,447,292,6,7.422137683832,220,Reference
st_s002_ref,st_s002_ref,8,1999,1995,68.5406702051966,-131.947049984511,1999-08-24,2,219,251,212,247,285,6,6.10311666915809,230,Reference
st_s002_ref,st_s002_ref,6,2001,2000,68.5406702051966,-131.947049984511,2001-06-10,7,385,405,492,475,283,6,21.1377450730709,160,Reference
st_s002_ref,st_s002_ref,5,2002,2000,68.5406702051966,-131.947049984511,2002-05-28,6,652,541,497,585,276,6,4.87413907512702,140,Reference
st_s002_ref,st_s002_ref,8,2004,2000,68.5406702051966,-131.947049984511,2004-08-05,1,59,178,167,323,286,6,644.755638564691,210,Reference
st_s002_ref,st_s002_ref,7,2006,2005,68.5406702051966,-131.947049984511,2006-07-26,2,130,160,154,264,292,6,11.7415661748203,200,Reference
st_s002_ref,st_s002_ref,6,2008,2005,68.5406702051966,-131.947049984511,2008-06-29,1,149,215,211,421,291,6,10.5349846458095,180,Reference
st_s002_ref,st_s002_ref,8,2008,2005,68.5406702051966,-131.947049984511,2008-08-16,2,291,326,264,682,285,6,8.21590004727112,220,Reference
st_s002_ref,st_s002_ref,5,2010,2010,68.5406702051966,-131.947049984511,2010-05-02,10,1087,1147,1362,1461,275,6,47.9311221593599,120,Reference
st_s002_ref,st_s002_ref,5,2011,2010,68.5406702051966,-131.947049984511,2011-05-21,7,1555,1337,1241,1147,273,6,5.0603917944407,140,Reference
st_s002_ref,st_s002_ref,6,2011,2010,68.5406702051966,-131.947049984511,2011-06-22,1,356,378,337,1240,297,6,10.8490904626028,170,Reference
st_s002_ref,st_s002_ref,6,2016,2015,68.5406702051966,-131.947049984511,2016-06-19,1,410,517,418,1245,297,6,17.1000918751067,170,Reference
st_s002_ref,st_s002_ref,8,2016,2015,68.5406702051966,-131.947049984511,2016-08-06,5,358,535,605,1196,288,6,95.9975002621175,210,Reference
st_s002_ref,st_s002_ref,5,2017,2015,68.5406702051966,-131.947049984511,2017-05-21,3,372,495,564,800,282,6,25.6887196413363,140,Reference
st_s002_ref,st_s002_ref,8,2017,2015,68.5406702051966,-131.947049984511,2017-08-09,8,217,211,118,374,293,6,4.66092790867571,220,Reference
st_s002_ref,st_s002_ref,6,2019,2015,68.5406702051966,-131.947049984511,2019-06-28,1,250,329,262,338,289,6,7.90453437725247,170,Reference
st_s002_ref,st_s002_ref,8,2020,2015,68.5406702051966,-131.947049984511,2020-08-01,2,293,420,356,1179,294,6,23.6282718138193,210,Reference
st_s002_ref,st_s002_ref,6,2021,2015,68.5406702051966,-131.947049984511,2021-06-17,1,193,272,216,286,290,6,12.2151046862681,160,Reference
st_s002_ref,st_s002_ref,7,2021,2015,68.5406702051966,-131.947049984511,2021-07-19,2,337,476,450,1095,290,6,26.0870179305809,200,Reference
st_s002_ref,st_s002_ref,6,2022,2015,68.5406702051966,-131.947049984511,2022-06-02,1,372,461,580,593,278,6,41.667844812481,150,Reference
st_s002_ref,st_s002_ref,6,2022,2015,68.5406702051966,-131.947049984511,2022-06-19,2,224,256,243,274,286,6,8.46144967416514,170,Reference
st_s002_ref,st_s002_ref,7,2022,2015,68.5406702051966,-131.947049984511,2022-07-06,10,493,555,407,1304,298,6,8.61010932249221,180,Reference
st_s002_ref,st_s002_ref,6,2023,2015,68.5406702051966,-131.947049984511,2023-06-24,2,228,272,250,357,288,6,8.74153673283839,170,Reference
st_s002_ref,st_s002_ref,7,1999,1995,68.5406702051966,-131.947049984511,1999-07-14,1,121,220,189,308,290,6,40.3593727784642,190,Reference
st_s002_ref,st_s002_ref,7,1999,1995,68.5406702051966,-131.947049984511,1999-07-30,2,161,250,263,389,291,6,32.8125718931389,210,Reference
st_s002_ref,st_s002_ref,6,2000,2000,68.5406702051966,-131.947049984511,2000-06-14,24,513,412,393,392,287,6,4.43384029304389,160,Reference
st_s002_ref,st_s002_ref,8,2000,2000,68.5406702051966,-131.947049984511,2000-08-17,1,168,147,181,156,285,6,7.66890459514198,230,Reference
st_s002_ref,st_s002_ref,8,2001,2000,68.5406702051966,-131.947049984511,2001-08-04,1,215,230,186,395,289,6,7.46813987826231,210,Reference
st_s002_ref,st_s002_ref,8,2001,2000,68.5406702051966,-131.947049984511,2001-08-20,2,167,216,211,325,286,6,19.7670593073639,230,Reference
st_s002_ref,st_s002_ref,8,2002,2000,68.5406702051966,-131.947049984511,2002-08-07,1,161,150,187,337,286,6,14.3042344041972,210,Reference
st_s002_ref,st_s002_ref,8,2003,2000,68.5406702051966,-131.947049984511,2003-08-26,1,312,275,314,312,289,6,8.59135457621922,230,Reference
st_s002_ref,st_s002_ref,8,2005,2005,68.5406702051966,-131.947049984511,2005-08-15,2,160,164,181,339,288,6,14.5451780625327,220,Reference
st_s002_ref,st_s002_ref,6,2006,2005,68.5406702051966,-131.947049984511,2006-06-15,1,199,262,323,378,290,6,21.0785131417991,160,Reference
st_s002_ref,st_s002_ref,8,2006,2005,68.5406702051966,-131.947049984511,2006-08-02,1,127,167,227,293,295,6,40.0098399594636,210,Reference
st_s002_ref,st_s002_ref,9,2006,2005,68.5406702051966,-131.947049984511,2006-09-03,2,222,229,271,381,283,6,17.7035851797402,240,Reference
st_s002_ref,st_s002_ref,6,2007,2005,68.5406702051966,-131.947049984511,2007-06-18,2,193,209,232,306,288,6,11.3939665788327,160,Reference
st_s002_ref,st_s002_ref,9,2007,2005,68.5406702051966,-131.947049984511,2007-09-06,2,332,272,333,362,283,6,7.19217973396698,240,Reference
st_s002_ref,st_s002_ref,6,2008,2005,68.5406702051966,-131.947049984511,2008-06-20,2,190,174,184,330,287,6,10.5678656706604,170,Reference
st_s002_ref,st_s002_ref,7,2011,2010,68.5406702051966,-131.947049984511,2011-07-15,1,168,210,169,395,294,6,8.61182417334706,190,Reference
st_s002_ref,st_s002_ref,7,2011,2010,68.5406702051966,-131.947049984511,2011-07-31,2,258,254,203,367,295,6,4.70090811982864,210,Reference
st_s002_ref,st_s002_ref,5,2012,2010,68.5406702051966,-131.947049984511,2012-05-30,23,537,494,460,650,281,6,6.74549682266475,150,Reference
st_s002_ref,st_s002_ref,7,2012,2010,68.5406702051966,-131.947049984511,2012-07-01,1,207,240,271,367,296,6,19.6433928217832,180,Reference
st_s002_ref,st_s002_ref,8,2012,2010,68.5406702051966,-131.947049984511,2012-08-18,2,183,247,292,381,290,6,61.4984225225127,230,Reference
st_s002_ref,st_s002_ref,7,2013,2010,68.5406702051966,-131.947049984511,2013-07-04,4,309,367,381,1100,290,6,21.9782592243395,180,Reference
st_s002_ref,st_s002_ref,9,2013,2010,68.5406702051966,-131.947049984511,2013-09-06,1,410,474,586,571,283,6,58.8455701605494,240,Reference
st_s002_ref,st_s002_ref,7,2014,2010,68.5406702051966,-131.947049984511,2014-07-07,2,154,191,185,354,293,6,11.6836414483527,180,Reference
st_s002_ref,st_s002_ref,6,2016,2015,68.5406702051966,-131.947049984511,2016-06-26,7,323,493,520,1089,296,6,63.1345140434841,170,Reference
st_s002_ref,st_s002_ref,7,2016,2015,68.5406702051966,-131.947049984511,2016-07-28,1,161,330,407,294,294,6,614.654344633735,210,Reference
st_s002_ref,st_s002_ref,8,2016,2015,68.5406702051966,-131.947049984511,2016-08-13,3,314,480,543,1189,293,6,83.5801033121932,220,Reference
st_s002_ref,st_s002_ref,6,2017,2015,68.5406702051966,-131.947049984511,2017-06-29,2,203,347,370,726,291,6,79.8664028134511,180,Reference
st_s002_ref,st_s002_ref,8,2020,2015,68.5406702051966,-131.947049984511,2020-08-24,1,269,243,198,264,290,6,4.10138145672157,230,Reference
st_s002_ref,st_s002_ref,6,2021,2015,68.5406702051966,-131.947049984511,2021-06-24,1,271,310,261,418,297,6,9.2100621805053,170,Reference
st_s002_ref,st_s002_ref,8,2021,2015,68.5406702051966,-131.947049984511,2021-08-11,4,446,515,420,1213,287,6,12.4908640864017,220,Reference
st_s002_ref,st_s002_ref,6,2023,2015,68.5406702051966,-131.947049984511,2023-06-12,1,129,240,286,409,287,6,75.2043508338647,160,Reference
st_s002_ref,st_s002_ref,7,2023,2015,68.5406702051966,-131.947049984511,2023-07-04,1,282,415,340,1323,302,6,9.58318771627579,180,Reference
st_s002_ref,st_s002_ref,7,2023,2015,68.5406702051966,-131.947049984511,2023-07-26,6,542,529,439,1248,296,6,9.72126616751497,200,Reference
st_s002_ref,st_s002_ref,7,1999,1995,68.5406702051966,-131.947049984511,1999-07-05,7,630,651,634,1224,284,6,13.083876018121,180,Reference
st_s002_ref,st_s002_ref,7,2004,2000,68.5406702051966,-131.947049984511,2004-07-02,5,397,499,402,1076,291,6,11.6352951501232,180,Reference
st_s002_ref,st_s002_ref,7,2004,2000,68.5406702051966,-131.947049984511,2004-07-18,1,173,225,203,249,293,6,10.6985820478522,200,Reference
st_s002_ref,st_s002_ref,7,2007,2005,68.5406702051966,-131.947049984511,2007-07-11,1,276,320,338,435,298,6,20.4942418244154,190,Reference
st_s002_ref,st_s002_ref,8,2007,2005,68.5406702051966,-131.947049984511,2007-08-12,2,171,215,207,409,288,6,16.7368050306802,220,Reference
st_s002_ref,st_s002_ref,8,2007,2005,68.5406702051966,-131.947049984511,2007-08-28,3,174,246,244,383,286,6,22.7036028399426,240,Reference
st_s002_ref,st_s002_ref,9,2009,2005,68.5406702051966,-131.947049984511,2009-09-02,5,256,320,322,472,285,6,10.9641933734307,240,Reference
st_s002_ref,st_s002_ref,8,2010,2010,68.5406702051966,-131.947049984511,2010-08-04,1,181,189,215,399,294,6,13.8744298918596,210,Reference
st_s002_ref,st_s002_ref,6,2012,2010,68.5406702051966,-131.947049984511,2012-06-22,1,217,214,211,323,293,6,7.54549710061689,170,Reference
st_s002_ref,st_s002_ref,8,2012,2010,68.5406702051966,-131.947049984511,2012-08-09,1,164,205,185,405,291,6,10.7811728674083,220,Reference
st_s002_ref,st_s002_ref,8,2013,2010,68.5406702051966,-131.947049984511,2013-08-12,1,225,231,211,356,296,6,6.04876179805603,220,Reference
st_s002_ref,st_s002_ref,8,2013,2010,68.5406702051966,-131.947049984511,2013-08-28,1,229,298,333,443,283,6,82.5245926009544,240,Reference
st_s002_ref,st_s002_ref,5,2017,2015,68.5406702051966,-131.947049984511,2017-05-19,66,658,654,636,1143,280,6,11.7276132303123,130,Reference
st_s002_ref,st_s002_ref,8,2017,2015,68.5406702051966,-131.947049984511,2017-08-07,2,168,256,287,452,294,6,77.3665773783226,210,Reference
st_s002_ref,st_s002_ref,6,2019,2015,68.5406702051966,-131.947049984511,2019-06-26,7,204,211,134,352,285,6,6.2100619714666,170,Reference
st_s002_ref,st_s002_ref,5,2020,2015,68.5406702051966,-131.947049984511,2020-05-27,45,721,769,812,1155,281,6,20.0210922536036,140,Reference
st_s002_ref,st_s002_ref,6,2020,2015,68.5406702051966,-131.947049984511,2020-06-28,1,184,178,211,229,289,6,11.1460010605494,180,Reference
st_s002_ref,st_s002_ref,6,2021,2015,68.5406702051966,-131.947049984511,2021-06-15,1,243,346,351,1015,295,6,10.2561762188908,160,Reference
st_s002_ref,st_s002_ref,7,2021,2015,68.5406702051966,-131.947049984511,2021-07-17,1,268,326,344,403,295,6,17.0279220700841,190,Reference
st_s002_ref,st_s002_ref,7,2022,2015,68.5406702051966,-131.947049984511,2022-07-16,1,325,458,418,1118,289,6,13.5621884384818,190,Reference
st_s002_ref,st_s002_ref,7,2023,2015,68.5406702051966,-131.947049984511,2023-07-09,1,145,296,299,372,296,6,114.119612729286,190,Reference
st_s002_ref,st_s002_ref,8,2023,2015,68.5406702051966,-131.947049984511,2023-08-05,3,398,457,363,1002,292,6,10.1401816324992,210,Reference
st_s002_ref,st_s002_ref,6,2000,2000,68.5406702051966,-131.947049984511,2000-06-12,22,235,272,233,305,283,6,6.68123909825797,160,Reference
st_s002_ref,st_s002_ref,8,2000,2000,68.5406702051966,-131.947049984511,2000-08-31,2,110,159,169,303,281,6,16.9485527246488,240,Reference
st_s002_ref,st_s002_ref,7,2001,2000,68.5406702051966,-131.947049984511,2001-07-17,5,178,203,168,597,295,6,14.9953392258664,190,Reference
st_s002_ref,st_s002_ref,7,2002,2000,68.5406702051966,-131.947049984511,2002-07-20,2,132,220,187,407,298,6,29.4723629926845,200,Reference
st_s002_ref,st_s002_ref,9,2002,2000,68.5406702051966,-131.947049984511,2002-09-06,3,158,157,242,367,288,6,28.0180491210367,240,Reference
st_s002_ref,st_s002_ref,7,2004,2000,68.5406702051966,-131.947049984511,2004-07-25,2,147,245,214,717,293,6,11.8925741196934,200,Reference
st_s002_ref,st_s002_ref,8,2004,2000,68.5406702051966,-131.947049984511,2004-08-10,3,425,454,334,978,294,6,8.45837177073732,220,Reference
st_s002_ref,st_s002_ref,8,2005,2005,68.5406702051966,-131.947049984511,2005-08-29,3,163,196,154,402,284,6,5.5357474990131,240,Reference
st_s002_ref,st_s002_ref,6,2007,2005,68.5406702051966,-131.947049984511,2007-06-16,3,228,236,226,439,289,6,9.04642900455708,160,Reference
st_s002_ref,st_s002_ref,9,2007,2005,68.5406702051966,-131.947049984511,2007-09-04,2,183,178,250,316,284,6,22.5330525914371,240,Reference
st_s002_ref,st_s002_ref,7,2008,2005,68.5406702051966,-131.947049984511,2008-07-04,1,136,231,149,274,295,6,5.35318641714349,180,Reference
st_s002_ref,st_s002_ref,6,2012,2010,68.5406702051966,-131.947049984511,2012-06-13,3,189,225,209,400,289,6,10.6313150583648,160,Reference
st_s002_ref,st_s002_ref,5,2013,2010,68.5406702051966,-131.947049984511,2013-05-31,1,670,735,711,1252,281,6,13.6145223509143,150,Reference
st_s002_ref,st_s002_ref,6,2014,2010,68.5406702051966,-131.947049984511,2014-06-03,2,260,341,418,408,279,6,41.1122346734977,150,Reference
st_s002_ref,st_s002_ref,5,2015,2015,68.5406702051966,-131.947049984511,2015-05-21,19,440,581,646,836,282,6,26.4368693165507,140,Reference
st_s002_ref,st_s002_ref,8,2015,2015,68.5406702051966,-131.947049984511,2015-08-09,2,285,336,306,754,292,6,12.2160584192962,220,Reference
st_s002_ref,st_s002_ref,6,2016,2015,68.5406702051966,-131.947049984511,2016-06-24,6,313,507,561,581,294,6,98.6599064006597,170,Reference
st_s002_ref,st_s002_ref,7,2017,2015,68.5406702051966,-131.947049984511,2017-07-29,6,70,102,86,277,290,6,11.0530275283146,210,Reference
st_s002_ref,st_s002_ref,6,2018,2015,68.5406702051966,-131.947049984511,2018-06-30,2,180,264,266,366,290,6,28.4800268166281,180,Reference
st_s002_ref,st_s002_ref,7,2018,2015,68.5406702051966,-131.947049984511,2018-07-16,1,200,269,293,315,292,6,24.742191790585,190,Reference
st_s002_ref,st_s002_ref,6,2019,2015,68.5406702051966,-131.947049984511,2019-06-17,2,224,246,249,338,287,6,9.3574735020456,160,Reference
st_s002_ref,st_s002_ref,8,2019,2015,68.5406702051966,-131.947049984511,2019-08-20,14,707,804,750,1328,275,6,14.6795874542035,230,Reference
st_s002_ref,st_s002_ref,7,2013,2010,68.5406702051966,-131.947049984511,2013-07-21,2,131,159,171,122,294,6,10.9029266115696,200,Reference
st_s002_ref,st_s002_ref,5,2015,2015,68.5406702051966,-131.947049984511,2015-05-24,12,123,223,308,229,290,6,132.046965321697,140,Reference
st_s002_ref,st_s002_ref,5,2016,2015,68.5406702051966,-131.947049984511,2016-05-10,6,453,778,746,1097,282,6,66.8212395077582,130,Reference
st_s002_ref,st_s002_ref,6,2016,2015,68.5406702051966,-131.947049984511,2016-06-11,5,115,183,215,321,288,6,27.7894785659831,160,Reference
st_s002_ref,st_s002_ref,6,2017,2015,68.5406702051966,-131.947049984511,2017-06-14,1,49,106,116,16,290,6,71.8274186181977,160,Reference
st_s002_ref,st_s002_ref,6,2017,2015,68.5406702051966,-131.947049984511,2017-06-30,6,132,221,265,224,293,6,47.4036639867252,180,Reference
st_s002_ref,st_s002_ref,8,2017,2015,68.5406702051966,-131.947049984511,2017-08-01,4,101,163,186,233,296,6,27.932902941949,210,Reference
st_s002_ref,st_s002_ref,9,2017,2015,68.5406702051966,-131.947049984511,2017-09-02,2,125,322,390,378,286,6,436.41785143596,240,Reference
st_s002_ref,st_s002_ref,6,2018,2015,68.5406702051966,-131.947049984511,2018-06-17,2,100,130,137,116,289,6,10.1721213260824,160,Reference
st_s002_ref,st_s002_ref,5,2021,2015,68.5406702051966,-131.947049984511,2021-05-24,3,165,245,302,284,284,6,25.7379131563391,140,Reference
st_s002_ref,st_s002_ref,6,2024,2015,68.5406702051966,-131.947049984511,2024-06-17,11,162,253,295,250,293,6,34.0472030244999,160,Reference
st_s002_ref,st_s002_ref,6,2013,2010,68.5406702051966,-131.947049984511,2013-06-26,4,121,179,151,254,296,6,8.08527864480492,170,Reference
st_s002_ref,st_s002_ref,6,2014,2010,68.5406702051966,-131.947049984511,2014-06-29,1,123,156,162,210,296,6,10.6593745177225,180,Reference
st_s002_ref,st_s002_ref,5,2015,2015,68.5406702051966,-131.947049984511,2015-05-15,4,1082,1287,1372,1507,277,6,46.732309953234,130,Reference
st_s002_ref,st_s002_ref,6,2016,2015,68.5406702051966,-131.947049984511,2016-06-18,6,122,259,314,311,296,6,84.979783180441,170,Reference
st_s002_ref,st_s002_ref,7,2016,2015,68.5406702051966,-131.947049984511,2016-07-04,15,293,559,622,681,298,6,163.241008800629,180,Reference
st_s002_ref,st_s002_ref,6,2017,2015,68.5406702051966,-131.947049984511,2017-06-05,6,91,153,205,125,287,6,26.2350371558739,150,Reference
st_s002_ref,st_s002_ref,6,2017,2015,68.5406702051966,-131.947049984511,2017-06-21,2,100,165,188,126,296,6,23.3396277921798,170,Reference
st_s002_ref,st_s002_ref,6,2018,2015,68.5406702051966,-131.947049984511,2018-06-08,6,109,172,193,181,287,6,16.3131822642374,150,Reference
st_s002_ref,st_s002_ref,7,2018,2015,68.5406702051966,-131.947049984511,2018-07-26,4,110,220,241,244,298,6,57.9584041306436,200,Reference
st_s002_ref,st_s002_ref,6,2019,2015,68.5406702051966,-131.947049984511,2019-06-27,3,72,180,179,218,291,6,50.0477846969035,170,Reference
st_s002_ref,st_s002_ref,7,2019,2015,68.5406702051966,-131.947049984511,2019-07-13,6,131,247,240,284,296,6,28.7140186175647,190,Reference
st_s002_ref,st_s002_ref,6,2020,2015,68.5406702051966,-131.947049984511,2020-06-13,2,101,186,201,208,295,6,22.7377791365635,160,Reference
st_s002_ref,st_s002_ref,6,2021,2015,68.5406702051966,-131.947049984511,2021-06-16,1,86,138,156,93,295,6,16.1295684638791,160,Reference
st_s002_ref,st_s002_ref,8,2022,2015,68.5406702051966,-131.947049984511,2022-08-22,2,73,111,128,97,282,6,21.2947353860501,230,Reference
st_s002_ref,st_s002_ref,5,2023,2015,68.5406702051966,-131.947049984511,2023-05-21,3,202,354,395,439,281,6,41.6396901345756,140,Reference
st_s002_ref,st_s002_ref,6,2024,2015,68.5406702051966,-131.947049984511,2024-06-08,2,221,434,565,589,293,6,304.363153926326,160,Reference
st_s002_ref,st_s002_ref,6,2024,2015,68.5406702051966,-131.947049984511,2024-06-24,7,95,192,210,209,296,6,28.0653753467587,170,Reference
st_s002_ref,st_s002_ref,7,2013,2010,68.5406702051966,-131.947049984511,2013-07-19,6,76,149,158,187,293,6,61.3749422457973,200,Reference
st_s002_ref,st_s002_ref,6,2014,2010,68.5406702051966,-131.947049984511,2014-06-04,8,113,184,260,150,286,6,122.300073369809,150,Reference
st_s002_ref,st_s002_ref,6,2014,2010,68.5406702051966,-131.947049984511,2014-06-20,5,88,112,136,96,288,6,15.2189748025927,170,Reference
st_s002_ref,st_s002_ref,7,2014,2010,68.5406702051966,-131.947049984511,2014-07-06,7,97,173,217,217,293,6,96.0498255272963,180,Reference
st_s002_ref,st_s002_ref,8,2015,2015,68.5406702051966,-131.947049984511,2015-08-10,1,71,140,116,233,296,6,14.1146603534795,220,Reference
st_s002_ref,st_s002_ref,7,2016,2015,68.5406702051966,-131.947049984511,2016-07-27,6,96,183,242,237,294,6,189.762203527279,200,Reference
st_s002_ref,st_s002_ref,7,2017,2015,68.5406702051966,-131.947049984511,2017-07-30,8,51,108,124,121,294,6,67.3469269819595,210,Reference
st_s002_ref,st_s002_ref,8,2018,2015,68.5406702051966,-131.947049984511,2018-08-18,7,76,163,198,161,284,6,96.6570085595154,230,Reference
st_s002_ref,st_s002_ref,6,2019,2015,68.5406702051966,-131.947049984511,2019-06-18,7,69,133,153,196,291,6,44.8640440029964,160,Reference
st_s002_ref,st_s002_ref,7,2019,2015,68.5406702051966,-131.947049984511,2019-07-20,2,167,477,267,1030,294,6,11.4649295777314,200,Reference
st_s002_ref,st_s002_ref,8,2019,2015,68.5406702051966,-131.947049984511,2019-08-21,2,79,214,214,483,285,6,126.970715406169,230,Reference
st_s002_ref,st_s002_ref,6,2020,2015,68.5406702051966,-131.947049984511,2020-06-04,17,167,296,400,285,285,6,188.120245561835,150,Reference
st_s002_ref,st_s002_ref,8,2020,2015,68.5406702051966,-131.947049984511,2020-08-23,6,44,124,146,230,293,6,322.610355538381,230,Reference
st_s002_ref,st_s002_ref,5,2021,2015,68.5406702051966,-131.947049984511,2021-05-22,13,187,229,235,379,286,6,13.6825960525349,140,Reference
st_s002_ref,st_s002_ref,6,2021,2015,68.5406702051966,-131.947049984511,2021-06-23,6,99,177,180,126,296,6,26.9929949362192,170,Reference
st_s002_ref,st_s002_ref,8,2021,2015,68.5406702051966,-131.947049984511,2021-08-26,4,65,179,179,163,292,6,124.935048484255,230,Reference
st_s002_ref,st_s002_ref,8,2022,2015,68.5406702051966,-131.947049984511,2022-08-13,5,78,165,204,157,297,6,197.927039534699,220,Reference
st_s002_ref,st_s002_ref,5,2023,2015,68.5406702051966,-131.947049984511,2023-05-28,8,112,195,236,227,284,6,47.3469120834689,140,Reference
st_s002_ref,st_s002_ref,6,2024,2015,68.5406702051966,-131.947049984511,2024-06-15,20,151,281,331,296,291,6,62.2336066031196,160,Reference
st_s002_ref,st_s002_ref,7,2013,2010,68.5406702051966,-131.947049984511,2013-07-10,4,104,149,157,184,292,6,16.5554539639237,190,Reference
st_s002_ref,st_s002_ref,8,2013,2010,68.5406702051966,-131.947049984511,2013-08-11,5,95,159,153,230,304,6,20.3735324149669,220,Reference
st_s002_ref,st_s002_ref,6,2014,2010,68.5406702051966,-131.947049984511,2014-06-11,4,121,183,206,140,289,6,17.2233023454397,160,Reference
st_s002_ref,st_s002_ref,6,2014,2010,68.5406702051966,-131.947049984511,2014-06-27,2,77,117,139,69,295,6,16.8022082012288,170,Reference
st_s002_ref,st_s002_ref,7,2014,2010,68.5406702051966,-131.947049984511,2014-07-13,2,46,107,125,104,300,6,76.1571840513424,190,Reference
st_s002_ref,st_s002_ref,7,2016,2015,68.5406702051966,-131.947049984511,2016-07-02,11,202,436,525,409,296,6,442.276232221543,180,Reference
st_s002_ref,st_s002_ref,5,2017,2015,68.5406702051966,-131.947049984511,2017-05-18,6,241,507,580,1306,281,6,262.851881589498,130,Reference
st_s002_ref,st_s002_ref,6,2017,2015,68.5406702051966,-131.947049984511,2017-06-03,6,89,165,228,139,286,6,106.269983675542,150,Reference
st_s002_ref,st_s002_ref,6,2017,2015,68.5406702051966,-131.947049984511,2017-06-19,5,71,157,193,102,296,6,114.146268860063,170,Reference
st_s002_ref,st_s002_ref,6,2018,2015,68.5406702051966,-131.947049984511,2018-06-22,2,103,195,213,235,294,6,22.1719704386788,170,Reference
st_s002_ref,st_s002_ref,5,2019,2015,68.5406702051966,-131.947049984511,2019-05-24,29,208,364,469,448,286,6,152.192197904323,140,Reference
st_s002_ref,st_s002_ref,7,2019,2015,68.5406702051966,-131.947049984511,2019-07-27,7,89,225,192,281,293,6,25.0073257181342,200,Reference
st_s002_ref,st_s002_ref,6,2021,2015,68.5406702051966,-131.947049984511,2021-06-14,3,92,149,177,78,292,6,25.3352424987466,160,Reference
st_s002_ref,st_s002_ref,7,2021,2015,68.5406702051966,-131.947049984511,2021-07-16,7,126,243,271,238,293,6,59.6500819040691,190,Reference
st_s002_ref,st_s002_ref,6,2022,2015,68.5406702051966,-131.947049984511,2022-06-01,5,55,138,194,125,284,6,676.865651956157,150,Reference
st_s002_ref,st_s002_ref,8,2022,2015,68.5406702051966,-131.947049984511,2022-08-04,4,71,137,160,164,296,6,63.7705047586457,210,Reference
st_s002_ref,st_s002_ref,6,2023,2015,68.5406702051966,-131.947049984511,2023-06-04,5,106,157,183,155,294,6,17.3833672535656,150,Reference
st_s002_ref,st_s002_ref,7,2023,2015,68.5406702051966,-131.947049984511,2023-07-06,8,125,246,265,295,301,6,61.6568262188798,180,Reference
st_s002_ref,st_s002_ref,6,2024,2015,68.5406702051966,-131.947049984511,2024-06-06,3,238,450,574,662,283,6,136.383144019984,150,Reference
st_s002_ref,st_s002_ref,7,2013,2010,68.5406702051966,-131.947049984511,2013-07-10,3,83,132,149,172,292,6,27.9374290564801,190,Reference
st_s002_ref,st_s002_ref,8,2013,2010,68.5406702051966,-131.947049984511,2013-08-11,5,94,162,151,230,304,6,19.3703353009772,220,Reference
st_s002_ref,st_s002_ref,6,2014,2010,68.5406702051966,-131.947049984511,2014-06-11,5,124,194,210,161,289,6,17.9737170051361,160,Reference
st_s002_ref,st_s002_ref,6,2014,2010,68.5406702051966,-131.947049984511,2014-06-27,3,76,113,141,47,295,6,18.6463122817321,170,Reference
st_s002_ref,st_s002_ref,7,2014,2010,68.5406702051966,-131.947049984511,2014-07-13,2,56,113,131,99,300,6,47.8474650541755,190,Reference
st_s002_ref,st_s002_ref,8,2014,2010,68.5406702051966,-131.947049984511,2014-08-14,2,80,139,164,115,288,6,36.5675956498691,220,Reference
st_s002_ref,st_s002_ref,5,2015,2015,68.5406702051966,-131.947049984511,2015-05-13,6,713,1038,1099,1423,280,6,84.8592018623852,130,Reference
st_s002_ref,st_s002_ref,7,2016,2015,68.5406702051966,-131.947049984511,2016-07-02,11,201,437,518,412,296,6,428.921911947499,180,Reference
st_s002_ref,st_s002_ref,6,2017,2015,68.5406702051966,-131.947049984511,2017-06-03,6,95,161,226,131,286,6,77.6585701634246,150,Reference
st_s002_ref,st_s002_ref,6,2017,2015,68.5406702051966,-131.947049984511,2017-06-19,5,83,159,197,89,296,6,63.048074687837,170,Reference
st_s002_ref,st_s002_ref,6,2018,2015,68.5406702051966,-131.947049984511,2018-06-22,2,100,188,208,232,294,6,22.4775839830101,170,Reference
st_s002_ref,st_s002_ref,5,2019,2015,68.5406702051966,-131.947049984511,2019-05-24,28,210,356,446,439,286,6,96.1625612151003,140,Reference
st_s002_ref,st_s002_ref,7,2019,2015,68.5406702051966,-131.947049984511,2019-07-27,6,123,243,220,319,293,6,21.5709705810679,200,Reference
st_s002_ref,st_s002_ref,6,2021,2015,68.5406702051966,-131.947049984511,2021-06-14,3,83,145,173,62,292,6,30.4340596624835,160,Reference
st_s002_ref,st_s002_ref,7,2021,2015,68.5406702051966,-131.947049984511,2021-07-16,7,135,250,281,223,293,6,52.6902537106927,190,Reference
st_s002_ref,st_s002_ref,6,2022,2015,68.5406702051966,-131.947049984511,2022-06-01,5,59,133,190,122,284,6,412.832315200674,150,Reference
st_s002_ref,st_s002_ref,8,2022,2015,68.5406702051966,-131.947049984511,2022-08-04,6,88,146,168,197,296,6,33.889875296727,210,Reference
st_s002_ref,st_s002_ref,6,2023,2015,68.5406702051966,-131.947049984511,2023-06-04,5,109,157,177,153,294,6,14.843402738001,150,Reference
st_s002_ref,st_s002_ref,7,2023,2015,68.5406702051966,-131.947049984511,2023-07-06,7,120,237,267,233,301,6,82.8359127946793,180,Reference
st_s002_ref,st_s002_ref,7,2022,2015,68.5406702051966,-131.947049984511,2022-07-06,3,181,435,281,855,300,6,22.5212543576007,180,Reference
st_s002_ref,st_s002_ref,5,2023,2015,68.5406702051966,-131.947049984511,2023-05-22,2,103,257,343,297,289,6,481.273517898594,140,Reference
st_s002_ref,st_s002_ref,7,2023,2015,68.5406702051966,-131.947049984511,2023-07-09,5,148,224,246,322,299,6,25.5975125346512,190,Reference
st_s002_ref,st_s002_ref,8,2022,2015,68.5406702051966,-131.947049984511,2022-08-30,1,48,78,119,78,288,6,81.9517854434964,240,Reference
st_s002_ref,st_s002_ref,5,2023,2015,68.5406702051966,-131.947049984511,2023-05-29,1,96,155,199,101,290,6,68.9157149164901,140,Reference
st_s002_ref,st_s002_ref,6,2023,2015,68.5406702051966,-131.947049984511,2023-06-30,4,156,245,265,261,303,6,25.4525480231573,180,Reference
st_s002_ref,st_s002_ref,8,2023,2015,68.5406702051966,-131.947049984511,2023-08-01,2,187,663,168,1142,298,6,18.6774265435881,210,Reference
st_s002_ref,st_s002_ref,6,2024,2015,68.5406702051966,-131.947049984511,2024-06-16,15,150,262,311,308,292,6,47.1260947382517,160,Reference
st_s002_ref,st_s002_ref,8,2022,2015,68.5406702051966,-131.947049984511,2022-08-05,6,93,184,223,179,297,6,130.843648759685,210,Reference
st_s002_ref,st_s002_ref,5,2023,2015,68.5406702051966,-131.947049984511,2023-05-20,7,779,930,1033,1130,285,6,48.0964012981238,140,Reference
st_s002_ref,st_s002_ref,6,2023,2015,68.5406702051966,-131.947049984511,2023-06-21,6,113,170,173,231,293,6,18.0381795353904,170,Reference
st_s002_ref,st_s002_ref,5,2024,2015,68.5406702051966,-131.947049984511,2024-05-22,3,1558,1514,1361,1793,275,6,8.98098490466211,140,Reference
st_s002_ref,st_s002_ref,6,2024,2015,68.5406702051966,-131.947049984511,2024-06-23,7,126,195,226,190,293,6,39.2402272770306,170,Reference
st_s002_ref,st_s002_ref,5,2022,2015,68.5406702051966,-131.947049984511,2022-05-24,3,510,687,804,952,283,6,52.3305393600789,140,Reference
st_s002_ref,st_s002_ref,6,2022,2015,68.5406702051966,-131.947049984511,2022-06-09,7,112,171,205,148,283,6,17.492317556808,160,Reference
st_s002_ref,st_s002_ref,8,2022,2015,68.5406702051966,-131.947049984511,2022-08-12,5,65,161,197,125,294,6,225.834338310974,220,Reference
st_s002_ref,st_s002_ref,6,2024,2015,68.5406702051966,-131.947049984511,2024-06-14,21,178,303,380,339,288,6,75.7136467529541,160,Reference
st_s002_ref,st_s002_ref,5,2022,2015,68.5406702051966,-131.947049984511,2022-05-24,2,852,1151,1164,1289,282,6,53.79607882521,140,Reference
st_s002_ref,st_s002_ref,6,2022,2015,68.5406702051966,-131.947049984511,2022-06-09,6,103,163,201,149,282,6,34.4076309945522,160,Reference
st_s002_ref,st_s002_ref,8,2022,2015,68.5406702051966,-131.947049984511,2022-08-12,6,78,169,201,178,294,6,114.651794108068,220,Reference
st_s002_ref,st_s002_ref,6,2024,2015,68.5406702051966,-131.947049984511,2024-06-14,20,160,296,374,320,288,6,101.228275316073,160,Reference
